"key","scientificName","decimalLatitude","decimalLongitude","issues","datasetKey","publishingOrgKey","networkKeys","installationKey","hostingOrganizationKey","publishingCountry","protocol","lastCrawled","lastParsed","crawlId","basisOfRecord","occurrenceStatus","taxonKey","kingdomKey","phylumKey","classKey","familyKey","genusKey","speciesKey","acceptedTaxonKey","acceptedScientificName","kingdom","phylum","family","genus","species","genericName","specificEpithet","taxonRank","taxonomicStatus","iucnRedListCategory","dateIdentified","elevation","elevationAccuracy","continent","stateProvince","higherGeography","georeferencedBy","year","month","day","eventDate","startDayOfYear","endDayOfYear","modified","lastInterpreted","references","license","isSequenced","identifier","facts","relations","institutionKey","collectionKey","isInCluster","recordedBy","identifiedBy","preparations","geodeticDatum","class","countryCode","recordedByIDs","identifiedByIDs","gbifRegion","country","publishedByGbifRegion","institutionID","gbifID","language","type","locationAccordingTo","catalogNumber","institutionCode","eventTime","identificationRemarks","identifier.1","georeferencedDate","informationWithheld","verbatimEventDate","nomenclaturalCode","georeferenceProtocol","footprintWKT","verbatimCoordinateSystem","locality","collectionCode","verbatimLocality","occurrenceID","organismID","previousIdentifications","identificationQualifier","occurrenceRemarks","accessRights","collectionID","higherClassification","georeferenceSources","name","individualCount","coordinatePrecision","otherCatalogNumbers","rightsHolder","recordNumber","georeferenceVerificationStatus","disposition","ownerInstitutionCode","county","fieldNumber","projectId","sex","lifeStage","depth","depthAccuracy","typeStatus","datasetID","datasetName","dynamicProperties","namePublishedInYear","taxonID","vernacularName","nameAccordingTo","acceptedNameUsage","locationID","bibliographicCitation","parentNameUsage","identificationID","coordinateUncertaintyInMeters","http...unknown.org.nick","http...unknown.org.captive","vitality"
"1061372732","Lampropeltis ruthveni Blanchard, 1920",19.9505782,-103.760214,"cdc,cdrep,colmafu,inmafu","8935e64a-f762-11e1-a439-00145eb45e9a","4cadac10-3e7b-11d9-8439-b8a03c50a862","99d66b6c-9087-452f-a9d4-f15f2c2d0e7e,1f2c0cbe-40df-43f6-ba07-e76133e78c31","a957a663-2f17-415f-b1c8-5cf6398df8ed","2053a639-84c3-4be5-b8bc-96b6d88a976c","US","EML","2025-01-19T07:44:52.226+00:00","2025-02-06T18:11:42.451+00:00",436,"PRESERVED_SPECIMEN","PRESENT",5224478,1,44,11592253,6172,9391215,5224478,5224478,"Lampropeltis ruthveni Blanchard, 1920","Animalia","Chordata","Colubridae","Lampropeltis","Lampropeltis ruthveni","Lampropeltis","ruthveni","SPECIES","ACCEPTED","NT","2021-04-09T00:00:00",2286,0,"NORTH_AMERICA","Jalisco","Mexico, Jalisco","Leticia Ochoa",1972,8,7,"1972-08-07",220,220,"2024-12-11T04:56:00.017+00:00","2025-02-06T18:11:42.451+00:00","http://arctos.database.museum/guid/UCM:Herp:50390","http://creativecommons.org/publicdomain/zero/1.0/legalcode",FALSE,"http://arctos.database.museum/guid/UCM:Herp:50390?seid=2497406","none","none","1a81a175-787f-4e26-9139-1b4203b76d8d","f3a420e5-ef4e-4b5b-b2f2-afcd80c9a901",FALSE,"Collector(s): James Randy McCranie","Paulino Ponce-Campos","whole organism (ethanol 70%; formalin-fixed)","WGS84","Squamata","MX","none","none","LATIN_AMERICA","Mexico","NORTH_AMERICA","UCM","1061372732","en","PhysicalObject","Leticia Ochoa","UCM:Herp:50390","UCM","1972-08-07","re-identified via photo based on red band count (L. ruthveni >23 bands, L. polyzona <19) and occurs in Talpapa at elevations >1900m","http://arctos.database.museum/guid/UCM:Herp:50390?seid=2497406","2006-06-05 00:00:00","mask part attribute location","7 August 1972","ICZN","not recorded","POLYGON((-103.7599952227561 19.94999996663756,-103.75999532143273 19.94999908599593,-103.75999559990406 19.949998240478966,-103.75999604746863 19.94999746257941,-103.75999664692675 19.949996782191505,-103.7599973752416 19.949996225462172,-103.75999820442443 19.949995813786202,-103.75999910261022 19.94999556298408,-103.7600000352822 19.94999548269398,-103.76000096659833 19.94999557600141,-103.76000186076861 19.94999583932062,-103.76000268343061 19.949996262532405,-103.7600034029699 19.94999682937296,-103.76000399173498 19.94999751805894,-103.76000442709991 19.94999830212452,-103.76000469233391 19.949999151438504,-103.76000477724415 19.950000033362226,-103.76000467856757 19.950000914003862,-103.76000440009628 19.950001759520845,-103.76000395253173 19.950002537420417,-103.76000335307363 19.950003217808348,-103.76000262475877 19.95000377453771,-103.76000179557589 19.950004186213697,-103.76000089739006 19.950004437015835,-103.75999996471802 19.95000451730594,-103.75999903340184 19.950004423998497,-103.75999813923151 19.950004160679264,-103.75999731656948 19.950003737467462,-103.7599965970302 19.950003170626875,-103.75999600826513 19.950002481940874,-103.75999557290022 19.95000169787528,-103.75999530766627 19.950000848561285,-103.7599952227561 19.94999996663756))","decimal degrees","near Tapalpa, 7500 ft","Herp","Mexico, Jalisco, near Tapalpa, 7500 ft","http://arctos.database.museum/guid/UCM:Herp:50390?seid=2497406","http://arctos.database.museum/guid/UCM:Herp:50390","[{""idby"": ""Paulino Ponce-Campos"", ""made_date"": ""2021-04-09"", ""concept_label"": null, ""short_citation"": null, ""scientific_name"": ""Lampropeltis ruthveni"", ""sensu_publication"": null, ""identification_taxa"": [{""taxon"": {""ftn"": ""Animalia, Chordata, Reptilia, Squamata, Serpentes, Colubridae, Lampropeltis, Lampropeltis ruthveni"", ""name"": ""Lampropeltis ruthveni"", ""ctrms"": [{""psn"": 1, ""typ"": ""kingdom"", ""term"": ""Animalia""}, {""psn"": 2, ""typ"": ""phylum"", ""term"": ""Chordata""}, {""psn"": 3, ""typ"": ""class"", ""term"": ""Reptilia""}, {""psn"": 4, ""typ"": ""order"", ""term"": ""Squamata""}, {""psn"": 5, ""typ"": ""suborder"", ""term"": ""Serpentes""}, {""psn"": 6, ""typ"": ""family"", ""term"": ""Colubridae""}, {""psn"": 7, ""typ"": ""genus"", ""term"": ""Lampropeltis""}, {""psn"": 8, ""typ"": ""species"", ""term"": ""Lampropeltis ruthveni""}], ""nctrms"": [{""typ"": ""author_text"", ""term"": ""Blanchard, 1920""}, {""typ"": ""display_name"", ""term"": ""<i>Lampropeltis ruthveni</i> Blanchard, 1920""}, {""typ"": ""nomenclatural_code"", ""term"": ""ICZN""}, {""typ"": ""remark"", ""term"": ""Imported from ITIS 6 Feb 2007""}, {""typ"": ""scientific_name"", ""term"": ""Lampropeltis ruthveni""}, {""typ"": ""source_authority"", ""term"": ""ITIS""}, {""typ"": ""taxon_status"", ""term"": ""valid""}], ""source"": ""Arctos"", ""classification_id"": ""https://arctos.database.museum/name/Lampropeltis ruthveni#Arctos""}, ""taxon_id"": ""https://arctos.database.museum/name/Lampropeltis ruthveni"", ""variable"": ""A""}], ""identification_order"": 1, ""identification_agents"": [{""agent_name"": ""Paulino Ponce-Campos"", ""agent_identifier"": ""https://arctos.database.museum/agent/21332193"", ""identifier_order"": 1}], ""identification_remarks"": ""re-identified via photo based on red band count (L. ruthveni >23 bands, L. polyzona <19) and occurs in Talpapa at elevations >1900m"", ""identification_attributes"": [{""agent_name"": null, ""attribute_type"": ""identification confidence"", ""attribute_units"": null, ""attribute_value"": ""high"", ""determined_date"": null, ""agent_identifier"": null, ""attribute_remark"": null, ""determination_method"": null}, {""agent_name"": null, ""attribute_type"": ""nature of identification"", ""attribute_units"": null, ""attribute_value"": ""fine features"", ""determined_date"": null, ""agent_identifier"": null, ""attribute_remark"": null, ""determination_method"": null}]}, {""idby"": ""Emily Braker"", ""made_date"": ""2018-10-03"", ""concept_label"": null, ""short_citation"": null, ""scientific_name"": ""Lampropeltis polyzona"", ""sensu_publication"": null, ""identification_taxa"": [{""taxon"": {""ftn"": ""Animalia, Chordata, Reptilia, Squamata, Serpentes, Colubridae, Lampropeltis, Lampropeltis polyzona"", ""name"": ""Lampropeltis polyzona"", ""ctrms"": [{""psn"": 1, ""typ"": ""kingdom"", ""term"": ""Animalia""}, {""psn"": 2, ""typ"": ""phylum"", ""term"": ""Chordata""}, {""psn"": 3, ""typ"": ""class"", ""term"": ""Reptilia""}, {""psn"": 4, ""typ"": ""order"", ""term"": ""Squamata""}, {""psn"": 5, ""typ"": ""suborder"", ""term"": ""Serpentes""}, {""psn"": 6, ""typ"": ""family"", ""term"": ""Colubridae""}, {""psn"": 7, ""typ"": ""genus"", ""term"": ""Lampropeltis""}, {""psn"": 8, ""typ"": ""species"", ""term"": ""Lampropeltis polyzona""}], ""nctrms"": [{""typ"": ""author_text"", ""term"": ""Ruane, 2014""}, {""typ"": ""display_name"", ""term"": ""<i>Lampropeltis polyzona</i> Ruane, 2014""}, {""typ"": ""nomenclatural_code"", ""term"": ""ICZN""}, {""typ"": ""scientific_name"", ""term"": ""Lampropeltis polyzona""}, {""typ"": ""taxon_status"", ""term"": ""valid""}], ""source"": ""Arctos"", ""classification_id"": ""https://arctos.database.museum/name/Lampropeltis polyzona#Arctos""}, ""taxon_id"": ""https://arctos.database.museum/name/Lampropeltis polyzona"", ""variable"": ""A""}], ""identification_order"": 0, ""identification_agents"": [{""agent_name"": ""Emily Braker"", ""agent_identifier"": ""https://arctos.database.museum/agent/21282889"", ""identifier_order"": 1}], ""identification_remarks"": ""per The Reptile Database (checked October 2017)"", ""identification_attributes"": [{""agent_name"": null, ""attribute_type"": ""nature of identification"", ""attribute_units"": null, ""attribute_value"": ""revised taxonomy"", ""determined_date"": null, ""agent_identifier"": null, ""attribute_remark"": null, ""determination_method"": null}]}, {""idby"": ""unknown"", ""made_date"": null, ""concept_label"": null, ""short_citation"": null, ""scientific_name"": ""Lampropeltis triangulum nelsoni"", ""sensu_publication"": null, ""identification_taxa"": [{""taxon"": {""ftn"": ""Animalia, Chordata, Vertebrata"", ""name"": ""Lampropeltis triangulum nelsoni"", ""ctrms"": [{""psn"": 1, ""typ"": ""kingdom"", ""term"": ""Animalia""}, {""psn"": 2, ""typ"": ""phylum"", ""term"": ""Chordata""}, {""psn"": 3, ""typ"": ""subphylum"", ""term"": ""Vertebrata""}], ""nctrms"": [{""typ"": ""display_name"", ""term"": ""Lampropeltis triangulum nelsoni""}, {""typ"": ""nomenclatural_code"", ""term"": ""ICZN""}, {""typ"": ""scientific_name"", ""term"": ""Lampropeltis triangulum nelsoni""}], ""source"": ""Arctos"", ""classification_id"": ""https://arctos.database.museum/name/Lampropeltis triangulum nelsoni#Arctos""}, ""taxon_id"": ""https://arctos.database.museum/name/Lampropeltis triangulum nelsoni"", ""variable"": ""A""}], ""identification_order"": 0, ""identification_agents"": [{""agent_name"": ""unknown"", ""agent_identifier"": ""https://arctos.database.museum/agent/0"", ""identifier_order"": 1}], ""identification_remarks"": ""Former nature_of_id: legacy."", ""identification_attributes"": null}]","A","Cataloged by: Jon Oldham, 6 March 1973; collector 1 original: Randy McCranie","http://vertnet.org/resources/norms.html","https://arctos.database.museum/collection/UCM:Herp","Animalia, Chordata, Reptilia, Squamata, Serpentes, Colubridae, Lampropeltis,","Cartografia Digital del Laboratorio de SIG'S y PR, Instituto de Geografia, UNAM. Incluye: INEGI, 2000; IMT,2000. Escala 1:250 000","Lampropeltis ruthveni Blanchard, 1920",NA,NA,NA,NA,NA,NA,NA,NA,NA,NA,NA,NA,NA,NA,NA,NA,NA,NA,NA,NA,NA,NA,NA,NA,NA,NA,NA,NA,NA,NA,NA,NA
"476500924","Lampropeltis ruthveni Blanchard, 1920",20.1905794,-100.1401301,"cdrep,colmafu,inmafu","4bfac3ea-8763-4f4b-a71a-76a6f5f243d3","b4640710-8e03-11d8-b956-b8a03c50a862","99d66b6c-9087-452f-a9d4-f15f2c2d0e7e","b0f5183c-5ed0-47f4-b75f-65e0c1036cb5","b4640710-8e03-11d8-b956-b8a03c50a862","US","EML","2025-03-15T04:20:46.017+00:00","2025-03-15T04:58:09.991+00:00",650,"PRESERVED_SPECIMEN","PRESENT",5224478,1,44,11592253,6172,9391215,5224478,5224478,"Lampropeltis ruthveni Blanchard, 1920","Animalia","Chordata","Colubridae","Lampropeltis","Lampropeltis ruthveni","Lampropeltis","ruthveni","SPECIES","ACCEPTED","NT",NA,NA,NA,"NORTH_AMERICA","Queretaro","North America: Mexico: Queretaro","Leticia Ochoa (UNAM)",1980,8,2,"1980-08-02",215,215,"2024-12-20T16:11:35.000+00:00","2025-03-15T04:58:09.991+00:00","http://mczbase.mcz.harvard.edu/guid/MCZ:Herp:R-161010","http://creativecommons.org/licenses/by-nc/4.0/legalcode",FALSE,"MCZ:Herp:R-161010","none","none","1cfca87c-083e-4d67-8e60-cb7d311f6058","b2a3198c-ca1b-40e5-890f-46b4021d623b",FALSE,"William R. Garstka","Catalog","whole animal (ethanol)","WGS84","Squamata","MX","none","none","LATIN_AMERICA","Mexico","NORTH_AMERICA","b4640710-8e03-11d8-b956-b8a03c50a862","476500924",NA,NA,NA,"R-161010","MCZ",NA,NA,"MCZ:Herp:R-161010",NA,NA,"2/8/1980-2/8/1980","ICZN","not recorded",NA,"decimal degrees","Mexico Queretaro canyon of Rio Galindo ca. Amealco","Herp","Mexico:Queretaro,canyon of Rio Galindo ca.Amealco","MCZ:Herp:R-161010",NA,NA,NA,NA,NA,NA,"Animalia Chordata Reptilia Lepidosauromorpha Squamata Serpentes Colubroidea Colubridae Lampropeltis ruthveni","Cartografía Digital del Laboratorio de SIG'S y PR, Instituto de Geografía, UNAM. Incluye: INEGI, 2000; IMT,2000. Escala 1:250 000","Lampropeltis ruthveni Blanchard, 1920",1,1e-05,"collector number=MCZ-FS-06586|muse location number=ZR161010","President and Fellows of Harvard College","MCZ-FS-06586","unverified","in collection","Museum of Comparative Zoology, Harvard University",NA,NA,NA,NA,NA,NA,NA,NA,NA,NA,NA,NA,NA,NA,NA,NA,NA,NA,NA,NA,NA,NA,NA,NA
"476715481","Lampropeltis ruthveni Blanchard, 1920",20.1905794,-100.1401301,"cdrep,colmafu,inmafu","4bfac3ea-8763-4f4b-a71a-76a6f5f243d3","b4640710-8e03-11d8-b956-b8a03c50a862","99d66b6c-9087-452f-a9d4-f15f2c2d0e7e","b0f5183c-5ed0-47f4-b75f-65e0c1036cb5","b4640710-8e03-11d8-b956-b8a03c50a862","US","EML","2025-03-15T04:20:46.017+00:00","2025-03-15T04:58:10.006+00:00",650,"PRESERVED_SPECIMEN","PRESENT",5224478,1,44,11592253,6172,9391215,5224478,5224478,"Lampropeltis ruthveni Blanchard, 1920","Animalia","Chordata","Colubridae","Lampropeltis","Lampropeltis ruthveni","Lampropeltis","ruthveni","SPECIES","ACCEPTED","NT",NA,NA,NA,"NORTH_AMERICA","Queretaro","North America: Mexico: Queretaro","Leticia Ochoa (UNAM)",1980,8,2,"1980-08-02",215,215,"2024-12-20T16:11:35.000+00:00","2025-03-15T04:58:10.006+00:00","http://mczbase.mcz.harvard.edu/guid/MCZ:Herp:R-161011","http://creativecommons.org/licenses/by-nc/4.0/legalcode",FALSE,"MCZ:Herp:R-161011","none","none","1cfca87c-083e-4d67-8e60-cb7d311f6058","b2a3198c-ca1b-40e5-890f-46b4021d623b",FALSE,"William R. Garstka","Catalog","whole animal (ethanol)","WGS84","Squamata","MX","none","none","LATIN_AMERICA","Mexico","NORTH_AMERICA","b4640710-8e03-11d8-b956-b8a03c50a862","476715481",NA,NA,NA,"R-161011","MCZ",NA,NA,"MCZ:Herp:R-161011",NA,NA,"2/8/1980-2/8/1980","ICZN","not recorded",NA,"decimal degrees","Mexico Queretaro canyon of Rio Galindo ca. Amealco","Herp","Mexico:Queretaro,canyon of Rio Galindo ca.Amealco","MCZ:Herp:R-161011",NA,NA,NA,NA,NA,NA,"Animalia Chordata Reptilia Lepidosauromorpha Squamata Serpentes Colubroidea Colubridae Lampropeltis ruthveni","Cartografía Digital del Laboratorio de SIG'S y PR, Instituto de Geografía, UNAM. Incluye: INEGI, 2000; IMT,2000. Escala 1:250 000","Lampropeltis ruthveni Blanchard, 1920",1,1e-05,"collector number=MCZ-FS-06588|muse location number=ZR161010","President and Fellows of Harvard College","MCZ-FS-06588","unverified","in collection","Museum of Comparative Zoology, Harvard University",NA,NA,NA,NA,NA,NA,NA,NA,NA,NA,NA,NA,NA,NA,NA,NA,NA,NA,NA,NA,NA,NA,NA,NA
"2819879279","Lampropeltis ruthveni Blanchard, 1920",19.9754,-103.782087,"gass84,incomis,inmafu","852628c6-f762-11e1-a439-00145eb45e9a","3c6ad080-bdbe-11da-ac59-b8a03c50a862","8e30b684-6a54-4aba-aa73-66201c2c736e,99d66b6c-9087-452f-a9d4-f15f2c2d0e7e","db7e3f20-3966-4c50-b747-4dfc7b3d3874","3c6ad080-bdbe-11da-ac59-b8a03c50a862","US","EML","2025-03-01T18:01:31.828+00:00","2025-03-01T18:02:27.366+00:00",358,"PRESERVED_SPECIMEN","PRESENT",5224478,1,44,11592253,6172,9391215,5224478,5224478,"Lampropeltis ruthveni Blanchard, 1920","Animalia","Chordata","Colubridae","Lampropeltis","Lampropeltis ruthveni","Lampropeltis","ruthveni","SPECIES","ACCEPTED","NT",NA,NA,NA,"NORTH_AMERICA","Jalisco","Mexico, Jalisco, Tapalpa",NA,1998,8,17,"1998-08-17",229,229,NA,"2025-03-01T18:02:27.366+00:00",NA,"http://creativecommons.org/publicdomain/zero/1.0/legalcode",FALSE,"3062b735-d291-11ea-ad9c-005056baed43","none","none","c8e1cb04-01ef-4804-a716-11ef204cf41b",NA,FALSE,"Blake Thomason","Hansen, Robert","Photo voucher","WGS84","Squamata","MX","none","none","LATIN_AMERICA","Mexico","NORTH_AMERICA",NA,"2819879279",NA,NA,NA,"101890","TNHC",NA,NA,"3062b735-d291-11ea-ad9c-005056baed43",NA,NA,NA,NA,NA,NA,NA,"Rancho San Francisco near Tapalpa","Herpetology Collection",NA,"3062b735-d291-11ea-ad9c-005056baed43",NA,NA,NA,"Photo stored in UTBox | Geocoordinates provided by J. Jones",NA,NA,NA,NA,"Lampropeltis ruthveni Blanchard, 1920",NA,NA,NA,NA,NA,NA,NA,NA,"Tapalpa","101890",NA,NA,NA,NA,NA,NA,NA,NA,NA,NA,NA,NA,NA,NA,NA,NA,NA,NA,NA,NA,NA,NA
"2819877122","Lampropeltis ruthveni Blanchard, 1920",19.9754,-103.782087,"gass84,incomis,inmafu","852628c6-f762-11e1-a439-00145eb45e9a","3c6ad080-bdbe-11da-ac59-b8a03c50a862","8e30b684-6a54-4aba-aa73-66201c2c736e,99d66b6c-9087-452f-a9d4-f15f2c2d0e7e","db7e3f20-3966-4c50-b747-4dfc7b3d3874","3c6ad080-bdbe-11da-ac59-b8a03c50a862","US","EML","2025-03-01T18:01:31.828+00:00","2025-03-01T18:02:27.124+00:00",358,"PRESERVED_SPECIMEN","PRESENT",5224478,1,44,11592253,6172,9391215,5224478,5224478,"Lampropeltis ruthveni Blanchard, 1920","Animalia","Chordata","Colubridae","Lampropeltis","Lampropeltis ruthveni","Lampropeltis","ruthveni","SPECIES","ACCEPTED","NT",NA,NA,NA,"NORTH_AMERICA","Jalisco","Mexico, Jalisco, Tapalpa",NA,1998,8,17,"1998-08-17",229,229,NA,"2025-03-01T18:02:27.124+00:00",NA,"http://creativecommons.org/publicdomain/zero/1.0/legalcode",FALSE,"3062bb79-d291-11ea-ad9c-005056baed43","none","none","c8e1cb04-01ef-4804-a716-11ef204cf41b",NA,FALSE,"Blake Thomason","Hansen, Robert","Photo voucher","WGS84","Squamata","MX","none","none","LATIN_AMERICA","Mexico","NORTH_AMERICA",NA,"2819877122",NA,NA,NA,"101891","TNHC",NA,NA,"3062bb79-d291-11ea-ad9c-005056baed43",NA,NA,NA,NA,NA,NA,NA,"Rancho San Francisco near Tapalpa","Herpetology Collection",NA,"3062bb79-d291-11ea-ad9c-005056baed43",NA,NA,NA,"Photo stored in UTBox | Geocoordinates provided by J. Jones",NA,NA,NA,NA,"Lampropeltis ruthveni Blanchard, 1920",NA,NA,NA,NA,NA,NA,NA,NA,"Tapalpa","101890",NA,NA,NA,NA,NA,NA,NA,NA,NA,NA,NA,NA,NA,NA,NA,NA,NA,NA,NA,NA,NA,NA
"2819821159","Lampropeltis ruthveni Blanchard, 1920",19.9754,-103.782087,"gass84,incomis,inmafu","852628c6-f762-11e1-a439-00145eb45e9a","3c6ad080-bdbe-11da-ac59-b8a03c50a862","8e30b684-6a54-4aba-aa73-66201c2c736e,99d66b6c-9087-452f-a9d4-f15f2c2d0e7e","db7e3f20-3966-4c50-b747-4dfc7b3d3874","3c6ad080-bdbe-11da-ac59-b8a03c50a862","US","EML","2025-03-01T18:01:31.828+00:00","2025-03-01T18:02:26.804+00:00",358,"PRESERVED_SPECIMEN","PRESENT",5224478,1,44,11592253,6172,9391215,5224478,5224478,"Lampropeltis ruthveni Blanchard, 1920","Animalia","Chordata","Colubridae","Lampropeltis","Lampropeltis ruthveni","Lampropeltis","ruthveni","SPECIES","ACCEPTED","NT",NA,NA,NA,"NORTH_AMERICA","Jalisco","Mexico, Jalisco, Tapalpa",NA,1998,8,17,"1998-08-17",229,229,NA,"2025-03-01T18:02:26.804+00:00",NA,"http://creativecommons.org/publicdomain/zero/1.0/legalcode",FALSE,"3062be92-d291-11ea-ad9c-005056baed43","none","none","c8e1cb04-01ef-4804-a716-11ef204cf41b",NA,FALSE,"Blake Thomason","Hansen, Robert","Photo voucher","WGS84","Squamata","MX","none","none","LATIN_AMERICA","Mexico","NORTH_AMERICA",NA,"2819821159",NA,NA,NA,"101892","TNHC",NA,NA,"3062be92-d291-11ea-ad9c-005056baed43",NA,NA,NA,NA,NA,NA,NA,"Rancho San Francisco near Tapalpa","Herpetology Collection",NA,"3062be92-d291-11ea-ad9c-005056baed43",NA,NA,NA,"Photo stored in UTBox | Geocoordinates provided by J. Jones",NA,NA,NA,NA,"Lampropeltis ruthveni Blanchard, 1920",NA,NA,NA,NA,NA,NA,NA,NA,"Tapalpa","101890",NA,NA,NA,NA,NA,NA,NA,NA,NA,NA,NA,NA,NA,NA,NA,NA,NA,NA,NA,NA,NA,NA
"2819879280","Lampropeltis ruthveni Blanchard, 1920",19.9754,-103.782087,"gass84,incomis,inmafu","852628c6-f762-11e1-a439-00145eb45e9a","3c6ad080-bdbe-11da-ac59-b8a03c50a862","8e30b684-6a54-4aba-aa73-66201c2c736e,99d66b6c-9087-452f-a9d4-f15f2c2d0e7e","db7e3f20-3966-4c50-b747-4dfc7b3d3874","3c6ad080-bdbe-11da-ac59-b8a03c50a862","US","EML","2025-03-01T18:01:31.828+00:00","2025-03-01T18:02:20.351+00:00",358,"PRESERVED_SPECIMEN","PRESENT",5224478,1,44,11592253,6172,9391215,5224478,5224478,"Lampropeltis ruthveni Blanchard, 1920","Animalia","Chordata","Colubridae","Lampropeltis","Lampropeltis ruthveni","Lampropeltis","ruthveni","SPECIES","ACCEPTED","NT",NA,NA,NA,"NORTH_AMERICA","Jalisco","Mexico, Jalisco, Tapalpa",NA,1998,8,17,"1998-08-17",229,229,NA,"2025-03-01T18:02:20.351+00:00",NA,"http://creativecommons.org/publicdomain/zero/1.0/legalcode",FALSE,"3062c1b7-d291-11ea-ad9c-005056baed43","none","none","c8e1cb04-01ef-4804-a716-11ef204cf41b",NA,FALSE,"Blake Thomason","Hansen, Robert","Photo voucher","WGS84","Squamata","MX","none","none","LATIN_AMERICA","Mexico","NORTH_AMERICA",NA,"2819879280",NA,NA,NA,"101893","TNHC",NA,NA,"3062c1b7-d291-11ea-ad9c-005056baed43",NA,NA,NA,NA,NA,NA,NA,"Rancho San Francisco near Tapalpa","Herpetology Collection",NA,"3062c1b7-d291-11ea-ad9c-005056baed43",NA,NA,NA,"Photo stored in UTBox | Geocoordinates provided by J. Jones",NA,NA,NA,NA,"Lampropeltis ruthveni Blanchard, 1920",NA,NA,NA,NA,NA,NA,NA,NA,"Tapalpa","101890",NA,NA,NA,NA,NA,NA,NA,NA,NA,NA,NA,NA,NA,NA,NA,NA,NA,NA,NA,NA,NA,NA
"2819816201","Lampropeltis ruthveni Blanchard, 1920",20.277773,-100.183489,"cdround,gass84,incomis,inmafu","852628c6-f762-11e1-a439-00145eb45e9a","3c6ad080-bdbe-11da-ac59-b8a03c50a862","8e30b684-6a54-4aba-aa73-66201c2c736e,99d66b6c-9087-452f-a9d4-f15f2c2d0e7e","db7e3f20-3966-4c50-b747-4dfc7b3d3874","3c6ad080-bdbe-11da-ac59-b8a03c50a862","US","EML","2025-03-01T18:01:31.828+00:00","2025-03-01T18:03:02.128+00:00",358,"PRESERVED_SPECIMEN","PRESENT",5224478,1,44,11592253,6172,9391215,5224478,5224478,"Lampropeltis ruthveni Blanchard, 1920","Animalia","Chordata","Colubridae","Lampropeltis","Lampropeltis ruthveni","Lampropeltis","ruthveni","SPECIES","ACCEPTED","NT",NA,NA,NA,"NORTH_AMERICA","Queretaro","Mexico, Queretaro, Amealco de Bonfil",NA,2006,7,1,"2006-07-01",182,182,NA,"2025-03-01T18:03:02.128+00:00",NA,"http://creativecommons.org/publicdomain/zero/1.0/legalcode",FALSE,"3062d854-d291-11ea-ad9c-005056baed43","none","none","c8e1cb04-01ef-4804-a716-11ef204cf41b",NA,FALSE,"Christopher Grunwald","Hansen, Robert","Photo voucher","WGS84","Squamata","MX","none","none","LATIN_AMERICA","Mexico","NORTH_AMERICA",NA,"2819816201",NA,NA,NA,"101902","TNHC",NA,NA,"3062d854-d291-11ea-ad9c-005056baed43",NA,NA,NA,NA,NA,NA,NA,"Near Amealco","Herpetology Collection",NA,"3062d854-d291-11ea-ad9c-005056baed43",NA,NA,NA,"Photo stored in UTBox",NA,NA,NA,NA,"Lampropeltis ruthveni Blanchard, 1920",NA,NA,NA,NA,NA,NA,NA,NA,"Amealco de Bonfil","101902",NA,NA,NA,NA,NA,NA,NA,NA,NA,NA,NA,NA,NA,NA,NA,NA,NA,NA,NA,NA,NA,NA
"2819881043","Lampropeltis ruthveni Blanchard, 1920",20.277773,-100.183489,"cdround,gass84,incomis,inmafu","852628c6-f762-11e1-a439-00145eb45e9a","3c6ad080-bdbe-11da-ac59-b8a03c50a862","8e30b684-6a54-4aba-aa73-66201c2c736e,99d66b6c-9087-452f-a9d4-f15f2c2d0e7e","db7e3f20-3966-4c50-b747-4dfc7b3d3874","3c6ad080-bdbe-11da-ac59-b8a03c50a862","US","EML","2025-03-01T18:01:31.828+00:00","2025-03-01T18:03:01.751+00:00",358,"PRESERVED_SPECIMEN","PRESENT",5224478,1,44,11592253,6172,9391215,5224478,5224478,"Lampropeltis ruthveni Blanchard, 1920","Animalia","Chordata","Colubridae","Lampropeltis","Lampropeltis ruthveni","Lampropeltis","ruthveni","SPECIES","ACCEPTED","NT",NA,NA,NA,"NORTH_AMERICA","Queretaro","Mexico, Queretaro, Amealco de Bonfil",NA,2006,7,1,"2006-07-01",182,182,NA,"2025-03-01T18:03:01.751+00:00",NA,"http://creativecommons.org/publicdomain/zero/1.0/legalcode",FALSE,"3062dbec-d291-11ea-ad9c-005056baed43","none","none","c8e1cb04-01ef-4804-a716-11ef204cf41b",NA,FALSE,"Christopher Grunwald","Hansen, Robert","Photo voucher","WGS84","Squamata","MX","none","none","LATIN_AMERICA","Mexico","NORTH_AMERICA",NA,"2819881043",NA,NA,NA,"101903","TNHC",NA,NA,"3062dbec-d291-11ea-ad9c-005056baed43",NA,NA,NA,NA,NA,NA,NA,"Near Amealco","Herpetology Collection",NA,"3062dbec-d291-11ea-ad9c-005056baed43",NA,NA,NA,"Photo stored in UTBox",NA,NA,NA,NA,"Lampropeltis ruthveni Blanchard, 1920",NA,NA,NA,NA,NA,NA,NA,NA,"Amealco de Bonfil","101902",NA,NA,NA,NA,NA,NA,NA,NA,NA,NA,NA,NA,NA,NA,NA,NA,NA,NA,NA,NA,NA,NA
"2819875149","Lampropeltis ruthveni Blanchard, 1920",20.024693,-102.945883,"gass84,incomis,inmafu","852628c6-f762-11e1-a439-00145eb45e9a","3c6ad080-bdbe-11da-ac59-b8a03c50a862","8e30b684-6a54-4aba-aa73-66201c2c736e,99d66b6c-9087-452f-a9d4-f15f2c2d0e7e","db7e3f20-3966-4c50-b747-4dfc7b3d3874","3c6ad080-bdbe-11da-ac59-b8a03c50a862","US","EML","2025-03-01T18:01:31.828+00:00","2025-03-01T18:02:59.047+00:00",358,"PRESERVED_SPECIMEN","PRESENT",5224478,1,44,11592253,6172,9391215,5224478,5224478,"Lampropeltis ruthveni Blanchard, 1920","Animalia","Chordata","Colubridae","Lampropeltis","Lampropeltis ruthveni","Lampropeltis","ruthveni","SPECIES","ACCEPTED","NT",NA,NA,NA,"NORTH_AMERICA","Michoacan","Mexico, Michoacan, Marcos Castellanos",NA,2007,7,1,"2007-07-01",182,182,NA,"2025-03-01T18:02:59.047+00:00",NA,"http://creativecommons.org/publicdomain/zero/1.0/legalcode",FALSE,"3062c685-d291-11ea-ad9c-005056baed43","none","none","c8e1cb04-01ef-4804-a716-11ef204cf41b",NA,FALSE,"Christopher Grunwald","Hansen, Robert","Photo voucher","WGS84","Squamata","MX","none","none","LATIN_AMERICA","Mexico","NORTH_AMERICA",NA,"2819875149",NA,NA,NA,"101895","TNHC",NA,NA,"3062c685-d291-11ea-ad9c-005056baed43",NA,NA,NA,NA,NA,NA,NA,"San Jose de Garcia, ~9 air km NE","Herpetology Collection",NA,"3062c685-d291-11ea-ad9c-005056baed43",NA,NA,NA,"Photo stored in UTBox",NA,NA,NA,NA,"Lampropeltis ruthveni Blanchard, 1920",NA,NA,NA,NA,NA,NA,NA,NA,"Marcos Castellanos","101895",NA,NA,NA,NA,NA,NA,NA,NA,NA,NA,NA,NA,NA,NA,NA,NA,NA,NA,NA,NA,NA,NA
"2819875150","Lampropeltis ruthveni Blanchard, 1920",20.024693,-102.945883,"gass84,incomis,inmafu","852628c6-f762-11e1-a439-00145eb45e9a","3c6ad080-bdbe-11da-ac59-b8a03c50a862","8e30b684-6a54-4aba-aa73-66201c2c736e,99d66b6c-9087-452f-a9d4-f15f2c2d0e7e","db7e3f20-3966-4c50-b747-4dfc7b3d3874","3c6ad080-bdbe-11da-ac59-b8a03c50a862","US","EML","2025-03-01T18:01:31.828+00:00","2025-03-01T18:02:13.777+00:00",358,"PRESERVED_SPECIMEN","PRESENT",5224478,1,44,11592253,6172,9391215,5224478,5224478,"Lampropeltis ruthveni Blanchard, 1920","Animalia","Chordata","Colubridae","Lampropeltis","Lampropeltis ruthveni","Lampropeltis","ruthveni","SPECIES","ACCEPTED","NT",NA,NA,NA,"NORTH_AMERICA","Michoacan","Mexico, Michoacan, Marcos Castellanos",NA,2007,7,1,"2007-07-01",182,182,NA,"2025-03-01T18:02:13.777+00:00",NA,"http://creativecommons.org/publicdomain/zero/1.0/legalcode",FALSE,"3062c8e0-d291-11ea-ad9c-005056baed43","none","none","c8e1cb04-01ef-4804-a716-11ef204cf41b",NA,FALSE,"Christopher Grunwald","Hansen, Robert","Photo voucher","WGS84","Squamata","MX","none","none","LATIN_AMERICA","Mexico","NORTH_AMERICA",NA,"2819875150",NA,NA,NA,"101896","TNHC",NA,NA,"3062c8e0-d291-11ea-ad9c-005056baed43",NA,NA,NA,NA,NA,NA,NA,"San Jose de Garcia, ~9 air km NE","Herpetology Collection",NA,"3062c8e0-d291-11ea-ad9c-005056baed43",NA,NA,NA,"Photo stored in UTBox",NA,NA,NA,NA,"Lampropeltis ruthveni Blanchard, 1920",NA,NA,NA,NA,NA,NA,NA,NA,"Marcos Castellanos","101895",NA,NA,NA,NA,NA,NA,NA,NA,NA,NA,NA,NA,NA,NA,NA,NA,NA,NA,NA,NA,NA,NA
"2819820188","Lampropeltis ruthveni Blanchard, 1920",20.024693,-102.945883,"gass84,incomis,inmafu","852628c6-f762-11e1-a439-00145eb45e9a","3c6ad080-bdbe-11da-ac59-b8a03c50a862","8e30b684-6a54-4aba-aa73-66201c2c736e,99d66b6c-9087-452f-a9d4-f15f2c2d0e7e","db7e3f20-3966-4c50-b747-4dfc7b3d3874","3c6ad080-bdbe-11da-ac59-b8a03c50a862","US","EML","2025-03-01T18:01:31.828+00:00","2025-03-01T18:02:47.385+00:00",358,"PRESERVED_SPECIMEN","PRESENT",5224478,1,44,11592253,6172,9391215,5224478,5224478,"Lampropeltis ruthveni Blanchard, 1920","Animalia","Chordata","Colubridae","Lampropeltis","Lampropeltis ruthveni","Lampropeltis","ruthveni","SPECIES","ACCEPTED","NT",NA,NA,NA,"NORTH_AMERICA","Michoacan","Mexico, Michoacan, Marcos Castellanos",NA,2007,7,1,"2007-07-01",182,182,NA,"2025-03-01T18:02:47.385+00:00",NA,"http://creativecommons.org/publicdomain/zero/1.0/legalcode",FALSE,"3062cb3d-d291-11ea-ad9c-005056baed43","none","none","c8e1cb04-01ef-4804-a716-11ef204cf41b",NA,FALSE,"Christopher Grunwald","Hansen, Robert","Photo voucher","WGS84","Squamata","MX","none","none","LATIN_AMERICA","Mexico","NORTH_AMERICA",NA,"2819820188",NA,NA,NA,"101897","TNHC",NA,NA,"3062cb3d-d291-11ea-ad9c-005056baed43",NA,NA,NA,NA,NA,NA,NA,"San Jose de Garcia, ~9 air km NE","Herpetology Collection",NA,"3062cb3d-d291-11ea-ad9c-005056baed43",NA,NA,NA,"Photo stored in UTBox",NA,NA,NA,NA,"Lampropeltis ruthveni Blanchard, 1920",NA,NA,NA,NA,NA,NA,NA,NA,"Marcos Castellanos","101895",NA,NA,NA,NA,NA,NA,NA,NA,NA,NA,NA,NA,NA,NA,NA,NA,NA,NA,NA,NA,NA,NA
"2819820189","Lampropeltis ruthveni Blanchard, 1920",20.024693,-102.945883,"gass84,incomis,inmafu","852628c6-f762-11e1-a439-00145eb45e9a","3c6ad080-bdbe-11da-ac59-b8a03c50a862","8e30b684-6a54-4aba-aa73-66201c2c736e,99d66b6c-9087-452f-a9d4-f15f2c2d0e7e","db7e3f20-3966-4c50-b747-4dfc7b3d3874","3c6ad080-bdbe-11da-ac59-b8a03c50a862","US","EML","2025-03-01T18:01:31.828+00:00","2025-03-01T18:02:58.285+00:00",358,"PRESERVED_SPECIMEN","PRESENT",5224478,1,44,11592253,6172,9391215,5224478,5224478,"Lampropeltis ruthveni Blanchard, 1920","Animalia","Chordata","Colubridae","Lampropeltis","Lampropeltis ruthveni","Lampropeltis","ruthveni","SPECIES","ACCEPTED","NT",NA,NA,NA,"NORTH_AMERICA","Michoacan","Mexico, Michoacan, Marcos Castellanos",NA,2007,7,1,"2007-07-01",182,182,NA,"2025-03-01T18:02:58.285+00:00",NA,"http://creativecommons.org/publicdomain/zero/1.0/legalcode",FALSE,"3062cda0-d291-11ea-ad9c-005056baed43","none","none","c8e1cb04-01ef-4804-a716-11ef204cf41b",NA,FALSE,"Christopher Grunwald","Hansen, Robert","Photo voucher","WGS84","Squamata","MX","none","none","LATIN_AMERICA","Mexico","NORTH_AMERICA",NA,"2819820189",NA,NA,NA,"101898","TNHC",NA,NA,"3062cda0-d291-11ea-ad9c-005056baed43",NA,NA,NA,NA,NA,NA,NA,"San Jose de Garcia, ~9 air km NE","Herpetology Collection",NA,"3062cda0-d291-11ea-ad9c-005056baed43",NA,NA,NA,"Photo stored in UTBox",NA,NA,NA,NA,"Lampropeltis ruthveni Blanchard, 1920",NA,NA,NA,NA,NA,NA,NA,NA,"Marcos Castellanos","101895",NA,NA,NA,NA,NA,NA,NA,NA,NA,NA,NA,NA,NA,NA,NA,NA,NA,NA,NA,NA,NA,NA
"2819877121","Lampropeltis ruthveni Blanchard, 1920",19.957906,-103.752179,"gass84,incomis,inmafu","852628c6-f762-11e1-a439-00145eb45e9a","3c6ad080-bdbe-11da-ac59-b8a03c50a862","8e30b684-6a54-4aba-aa73-66201c2c736e,99d66b6c-9087-452f-a9d4-f15f2c2d0e7e","db7e3f20-3966-4c50-b747-4dfc7b3d3874","3c6ad080-bdbe-11da-ac59-b8a03c50a862","US","EML","2025-03-01T18:01:31.828+00:00","2025-03-01T18:02:47.189+00:00",358,"PRESERVED_SPECIMEN","PRESENT",5224478,1,44,11592253,6172,9391215,5224478,5224478,"Lampropeltis ruthveni Blanchard, 1920","Animalia","Chordata","Colubridae","Lampropeltis","Lampropeltis ruthveni","Lampropeltis","ruthveni","SPECIES","ACCEPTED","NT",NA,NA,NA,"NORTH_AMERICA","Jalisco","Mexico, Jalisco, Tapalpa",NA,2007,8,12,"2007-08-12",224,224,NA,"2025-03-01T18:02:47.189+00:00",NA,"http://creativecommons.org/publicdomain/zero/1.0/legalcode",FALSE,"3062b437-d291-11ea-ad9c-005056baed43","none","none","c8e1cb04-01ef-4804-a716-11ef204cf41b",NA,FALSE,"Brendan O'Connor|Christopher Grunwald","Hansen, Robert","Photo voucher","WGS84","Squamata","MX","none","none","LATIN_AMERICA","Mexico","NORTH_AMERICA",NA,"2819877121",NA,NA,NA,"101889","TNHC",NA,NA,"3062b437-d291-11ea-ad9c-005056baed43",NA,NA,NA,NA,NA,NA,NA,"Tapalpa, ~1.5 air km NE","Herpetology Collection",NA,"3062b437-d291-11ea-ad9c-005056baed43",NA,NA,NA,"Photo stored in UTBox",NA,NA,NA,NA,"Lampropeltis ruthveni Blanchard, 1920",NA,NA,NA,NA,NA,NA,NA,NA,"Tapalpa","101889",NA,NA,NA,NA,NA,NA,NA,NA,NA,NA,NA,NA,NA,NA,NA,NA,NA,NA,NA,NA,NA,NA
"2819822138","Lampropeltis ruthveni Blanchard, 1920",20.362232,-100.255025,"gass84,incomis,inmafu","852628c6-f762-11e1-a439-00145eb45e9a","3c6ad080-bdbe-11da-ac59-b8a03c50a862","8e30b684-6a54-4aba-aa73-66201c2c736e,99d66b6c-9087-452f-a9d4-f15f2c2d0e7e","db7e3f20-3966-4c50-b747-4dfc7b3d3874","3c6ad080-bdbe-11da-ac59-b8a03c50a862","US","EML","2025-03-01T18:01:31.828+00:00","2025-03-01T18:02:16.530+00:00",358,"PRESERVED_SPECIMEN","PRESENT",5224478,1,44,11592253,6172,9391215,5224478,5224478,"Lampropeltis ruthveni Blanchard, 1920","Animalia","Chordata","Colubridae","Lampropeltis","Lampropeltis ruthveni","Lampropeltis","ruthveni","SPECIES","ACCEPTED","NT",NA,NA,NA,"NORTH_AMERICA","Queretaro","Mexico, Queretaro, Huimilpan",NA,2007,10,1,"2007-10-01",274,274,NA,"2025-03-01T18:02:16.530+00:00",NA,"http://creativecommons.org/publicdomain/zero/1.0/legalcode",FALSE,"3062de78-d291-11ea-ad9c-005056baed43","none","none","c8e1cb04-01ef-4804-a716-11ef204cf41b",NA,FALSE,"Ron Savage","Hansen, Robert","Photo voucher","WGS84","Squamata","MX","none","none","LATIN_AMERICA","Mexico","NORTH_AMERICA",NA,"2819822138",NA,NA,NA,"101904","TNHC",NA,NA,"3062de78-d291-11ea-ad9c-005056baed43",NA,NA,NA,NA,NA,NA,NA,"Near Huimilpan","Herpetology Collection",NA,"3062de78-d291-11ea-ad9c-005056baed43",NA,NA,NA,"Photo stored in UTBox",NA,NA,NA,NA,"Lampropeltis ruthveni Blanchard, 1920",NA,NA,NA,NA,NA,NA,NA,NA,"Huimilpan","101904",NA,NA,NA,NA,NA,NA,NA,NA,NA,NA,NA,NA,NA,NA,NA,NA,NA,NA,NA,NA,NA,NA
"2819816202","Lampropeltis ruthveni Blanchard, 1920",20.362232,-100.255025,"gass84,incomis,inmafu","852628c6-f762-11e1-a439-00145eb45e9a","3c6ad080-bdbe-11da-ac59-b8a03c50a862","8e30b684-6a54-4aba-aa73-66201c2c736e,99d66b6c-9087-452f-a9d4-f15f2c2d0e7e","db7e3f20-3966-4c50-b747-4dfc7b3d3874","3c6ad080-bdbe-11da-ac59-b8a03c50a862","US","EML","2025-03-01T18:01:31.828+00:00","2025-03-01T18:02:50.443+00:00",358,"PRESERVED_SPECIMEN","PRESENT",5224478,1,44,11592253,6172,9391215,5224478,5224478,"Lampropeltis ruthveni Blanchard, 1920","Animalia","Chordata","Colubridae","Lampropeltis","Lampropeltis ruthveni","Lampropeltis","ruthveni","SPECIES","ACCEPTED","NT",NA,NA,NA,"NORTH_AMERICA","Queretaro","Mexico, Queretaro, Huimilpan",NA,2007,10,1,"2007-10-01",274,274,NA,"2025-03-01T18:02:50.443+00:00",NA,"http://creativecommons.org/publicdomain/zero/1.0/legalcode",FALSE,"3062e0f6-d291-11ea-ad9c-005056baed43","none","none","c8e1cb04-01ef-4804-a716-11ef204cf41b",NA,FALSE,"Ron Savage","Hansen, Robert","Photo voucher","WGS84","Squamata","MX","none","none","LATIN_AMERICA","Mexico","NORTH_AMERICA",NA,"2819816202",NA,NA,NA,"101905","TNHC",NA,NA,"3062e0f6-d291-11ea-ad9c-005056baed43",NA,NA,NA,NA,NA,NA,NA,"Near Huimilpan","Herpetology Collection",NA,"3062e0f6-d291-11ea-ad9c-005056baed43",NA,NA,NA,"Photo stored in UTBox",NA,NA,NA,NA,"Lampropeltis ruthveni Blanchard, 1920",NA,NA,NA,NA,NA,NA,NA,NA,"Huimilpan","101904",NA,NA,NA,NA,NA,NA,NA,NA,NA,NA,NA,NA,NA,NA,NA,NA,NA,NA,NA,NA,NA,NA
"3306273512","Lampropeltis ruthveni Blanchard, 1920",20.275,-99.706944,"cdc,cdround,elmms,osiic,colmano,inmafu","749dd468-22d4-4379-893d-352606a6f2d7","ff90b050-c256-11db-b71b-b8a03c50a862",NA,"e081c7d7-2dab-42fd-94c4-9f275767fe7d","ff90b050-c256-11db-b71b-b8a03c50a862","MX","EML","2025-01-19T08:28:33.614+00:00","2025-01-31T22:03:37.474+00:00",151,"PRESERVED_SPECIMEN","PRESENT",5224478,1,44,11592253,6172,9391215,5224478,5224478,"Lampropeltis ruthveni Blanchard, 1920","Animalia","Chordata","Colubridae","Lampropeltis","Lampropeltis ruthveni","Lampropeltis","ruthveni","SPECIES","ACCEPTED","NT",NA,1122.5,1122.5,"NORTH_AMERICA","Hidalgo",NA,NA,2008,8,26,"2008-08-26",239,239,"2021-04-08T00:00:00.000+00:00","2025-01-31T22:03:37.474+00:00",NA,"http://creativecommons.org/licenses/by/4.0/legalcode",FALSE,"2d87d02d8bfbb9430d07dcefc3eee631","none","none","0bfbef89-d317-4483-ab7b-3c51e43d6078",NA,FALSE,NA,"Andrés Alberto Mendoza Hernández","Alcohol al 70%","WGS84","Squamata","MX","none","none","LATIN_AMERICA","Mexico","LATIN_AMERICA","1932","3306273512",NA,NA,NA,"23645","FC-UNAM","30/12/1899 09:30:00 a.m.",NA,"2d87d02d8bfbb9430d07dcefc3eee631",NA,NA,NA,NA,NA,NA,"grados minutos segundos","El Sendo, 6.75 km WNW del zócalo de Nopala","MZFC-HE",NA,"2d87d02d8bfbb9430d07dcefc3eee631",NA,NA,NA,NA,NA,"458","Animalia; Chordata; Reptilia; Squamata; Colubridae; Lampropeltis",NA,"Lampropeltis ruthveni Blanchard, 1920",1,NA,NA,"Comisión Nacional para el Conocimiento y Uso de la Biodiversidad (CONABIO)",NA,NA,NA,"Facultad de Ciencias, Universidad Nacional Autónoma de México","NOPALA DE VILLAGRAN","109","SNIB-LE002-LE0021811F-Herpetológica","Male","Adult",0,0,"NotAType","2d87d02d8bfbb9430d07dcefc3eee631","Apoyo a las colecciones biológicas de la Facultad de Ciencias de la UNAM: Fase 1","TipoVegetacion / Matorral xerófilo language: es-419 eventRemarks: sobre suelo, debajo de roca grande locationAccordingTo: INEGI, 2015","1920","d3878f63ebd31afd42f72f0b61f1568e","culebra real de Ruthven","Ramírez-Bautista, Torres-Hernández, Cruz-Elizalde, Berriozabal-Islas, Hernández-Salinas, Wilson, Johnson, Porras, Balderas-Valdivia, González-Hernández & Mata-Silva, 2023","Lampropeltis ruthveni","776","Flores-Villela O. y A. Nieto-Montes de Oca (coords). 2020. Apoyo a las colecciones biológicas de la Facultad de Ciencias de la UNAM: Fase 1. Facultad de Ciencias. Universidad Nacional Autónoma de México. Bases de datos SNIB-CONABIO (colección herpetológica), proyecto LE002. Ciudad de México","Lampropeltis","1380",NA,NA,NA,NA
"2629191239","Lampropeltis ruthveni Blanchard, 1920",20.275,-99.706944,"cdc,cdround,elmms,osiic,colmano,inmafu,diffown","5719db5a-b15f-4dad-9a11-6cde70b5ed0e","ff90b050-c256-11db-b71b-b8a03c50a862",NA,"e081c7d7-2dab-42fd-94c4-9f275767fe7d","ff90b050-c256-11db-b71b-b8a03c50a862","MX","EML","2025-01-23T08:46:26.829+00:00","2025-01-31T20:47:51.358+00:00",4,"PRESERVED_SPECIMEN","PRESENT",5224478,1,44,11592253,6172,9391215,5224478,5224478,"Lampropeltis ruthveni Blanchard, 1920","Animalia","Chordata","Colubridae","Lampropeltis","Lampropeltis ruthveni","Lampropeltis","ruthveni","SPECIES","ACCEPTED","NT",NA,1122.5,1122.5,"NORTH_AMERICA","Hidalgo",NA,NA,2008,8,26,"2008-08-26",239,239,"2019-12-20T00:00:00.000+00:00","2025-01-31T20:47:51.358+00:00",NA,"http://creativecommons.org/licenses/by/4.0/legalcode",FALSE,"urn:catalog:FC-UNAM:MZFC:23645:24340e4e90778bf069efaf55fc71d615","none","none","0bfbef89-d317-4483-ab7b-3c51e43d6078",NA,FALSE,"NO DISPONIBLE","Andrés Alberto Mendoza Hernández","Alcohol al 70%","WGS84","Squamata","MX","none","none","LATIN_AMERICA","Mexico","LATIN_AMERICA","1932","2629191239","es","Event",NA,"23645","FC-UNAM","09:30:00 a.m.",NA,"urn:catalog:FC-UNAM:MZFC:23645:24340e4e90778bf069efaf55fc71d615",NA,NA,NA,NA,NA,NA,"grados minutos segundos","El Sendo, 6.75 km WNW del zócalo de Nopala","MZFC",NA,"urn:catalog:FC-UNAM:MZFC:23645:24340e4e90778bf069efaf55fc71d615",NA,NA,NA,NA,NA,"458","Animalia; Chordata; Reptilia; Squamata; Colubridae; Lampropeltis",NA,"Lampropeltis ruthveni Blanchard, 1920",1,NA,NA,"Comisión Nacional para el Conocimiento y Uso de la Biodiversidad (CONABIO)",NA,NA,NA,"Museo de Zoología Alfonso L. Herrera, Facultad de Ciencias, Universidad Nacional Autónoma de México","NOPALA DE VILLAGRAN","109","SNIB-LE002-LE0021809F_MZFC_HE_2019.04.23-ND","Male","Adult",0,0,"NotAType","24340e4e90778bf069efaf55fc71d615","Apoyo a las colecciones biológicas de la Facultad de Ciencias de la UNAM: Fase 1","TipoVegetacion / Matorral xerófilo language: es-419 eventRemarks: sobre suelo, debajo de roca grande locationAccordingTo: INEGI, 2015","1920","620584eed0876806c516c57578ebd3d7","culebra real de Ruthven","Uetz, Freed & Hošek, 2019","Lampropeltis ruthveni","776","Flores-Villela O. y A. Nieto-Montes de Oca (coords). 2019. Apoyo a las colecciones biológicas de la Facultad de Ciencias de la UNAM: Fase 1. Facultad de Ciencias. Universidad Nacional Autónoma de México. Bases de datos SNIB-CONABIO (colección de anfibios y reptiles), proyecto LE002. Ciudad de México","Lampropeltis","1380",NA,NA,NA,NA
"2237419012","Lampropeltis ruthveni Blanchard, 1920",20.067783,-101.820731,"cdc","50c9509d-22c7-4a22-a47d-8c48425ef4a7","28eb1a3f-1c15-4a95-931a-4af90ecb574d",NA,"997448a8-f762-11e1-a439-00145eb45e9a","28eb1a3f-1c15-4a95-931a-4af90ecb574d","MX","DWC_ARCHIVE","2025-03-04T19:59:57.055+00:00","2025-03-07T11:42:32.460+00:00",521,"HUMAN_OBSERVATION","PRESENT",5224478,1,44,11592253,6172,9391215,5224478,5224478,"Lampropeltis ruthveni Blanchard, 1920","Animalia","Chordata","Colubridae","Lampropeltis","Lampropeltis ruthveni","Lampropeltis","ruthveni","SPECIES","ACCEPTED","NT","2015-08-15T03:41:05",NA,NA,"NORTH_AMERICA","Michoacán",NA,NA,2015,5,21,"2015-05-21",141,141,"2020-07-06T19:38:29.000+00:00","2025-03-07T11:42:32.460+00:00","https://www.inaturalist.org/observations/1859982","http://creativecommons.org/licenses/by-nc/4.0/legalcode",FALSE,"1859982","none","none",NA,NA,FALSE,"Juan Carlos Pérez Magaña","Juan Carlos Pérez Magaña",NA,"WGS84","Squamata","MX","none","none","LATIN_AMERICA","Mexico","LATIN_AMERICA",NA,"2237419012",NA,NA,NA,"1859982","iNaturalist",NA,NA,"1859982",NA,NA,"2015-05-21",NA,NA,NA,NA,NA,"Observations","San Miguel Epejan","http://conabio.inaturalist.org/observations/1859982",NA,NA,NA,"Esto es un claro ejemplo de lo que pasa con la mayoría de las serpientes, son asesinadas por la ignorancia. Foto por Juan Ferrer",NA,NA,NA,NA,"Lampropeltis ruthveni Blanchard, 1920",NA,NA,NA,"Juan Carlos Pérez Magaña",NA,NA,NA,NA,NA,NA,"https://www.inaturalist.org/projects/anfibios-y-reptiles-de-mexico|https://www.inaturalist.org/projects/reptiles-de-michoacan",NA,NA,NA,NA,NA,NA,"iNaturalist research-grade observations",NA,NA,"29803",NA,NA,NA,NA,NA,NA,"3513673",249,"charro","wild",NA
"2819883199","Lampropeltis ruthveni Blanchard, 1920",20.027589,-102.949631,"cdround,gass84,incomis,inmafu","852628c6-f762-11e1-a439-00145eb45e9a","3c6ad080-bdbe-11da-ac59-b8a03c50a862","8e30b684-6a54-4aba-aa73-66201c2c736e,99d66b6c-9087-452f-a9d4-f15f2c2d0e7e","db7e3f20-3966-4c50-b747-4dfc7b3d3874","3c6ad080-bdbe-11da-ac59-b8a03c50a862","US","EML","2025-03-01T18:01:31.828+00:00","2025-03-01T18:02:40.648+00:00",358,"PRESERVED_SPECIMEN","PRESENT",5224478,1,44,11592253,6172,9391215,5224478,5224478,"Lampropeltis ruthveni Blanchard, 1920","Animalia","Chordata","Colubridae","Lampropeltis","Lampropeltis ruthveni","Lampropeltis","ruthveni","SPECIES","ACCEPTED","NT",NA,NA,NA,"NORTH_AMERICA","Michoacan","Mexico, Michoacan, Marcos Castellanos",NA,2015,6,1,"2015-06-01",152,152,NA,"2025-03-01T18:02:40.648+00:00",NA,"http://creativecommons.org/publicdomain/zero/1.0/legalcode",FALSE,"3062c422-d291-11ea-ad9c-005056baed43","none","none","c8e1cb04-01ef-4804-a716-11ef204cf41b",NA,FALSE,"Hector Franz","Hansen, Robert","Photo voucher","WGS84","Squamata","MX","none","none","LATIN_AMERICA","Mexico","NORTH_AMERICA",NA,"2819883199",NA,NA,NA,"101894","TNHC",NA,NA,"3062c422-d291-11ea-ad9c-005056baed43",NA,NA,NA,NA,NA,NA,NA,"Jiquilpan, ~24.2 map km WNW","Herpetology Collection",NA,"3062c422-d291-11ea-ad9c-005056baed43",NA,NA,NA,"Photo stored in UTBox",NA,NA,NA,NA,"Lampropeltis ruthveni Blanchard, 1920",NA,NA,NA,NA,NA,NA,NA,NA,"Marcos Castellanos","101894",NA,NA,NA,NA,NA,NA,NA,NA,NA,NA,NA,NA,NA,NA,NA,NA,NA,NA,NA,NA,NA,NA
"2819884261","Lampropeltis ruthveni Blanchard, 1920",19.675269,-101.156378,"gass84,incomis,inmafu","852628c6-f762-11e1-a439-00145eb45e9a","3c6ad080-bdbe-11da-ac59-b8a03c50a862","8e30b684-6a54-4aba-aa73-66201c2c736e,99d66b6c-9087-452f-a9d4-f15f2c2d0e7e","db7e3f20-3966-4c50-b747-4dfc7b3d3874","3c6ad080-bdbe-11da-ac59-b8a03c50a862","US","EML","2025-03-01T18:01:31.828+00:00","2025-03-01T18:02:30.981+00:00",358,"PRESERVED_SPECIMEN","PRESENT",5224478,1,44,11592253,6172,9391215,5224478,5224478,"Lampropeltis ruthveni Blanchard, 1920","Animalia","Chordata","Colubridae","Lampropeltis","Lampropeltis ruthveni","Lampropeltis","ruthveni","SPECIES","ACCEPTED","NT",NA,NA,NA,"NORTH_AMERICA","Michoacan","Mexico, Michoacan, Morelia",NA,2015,6,15,"2015-06-15",166,166,NA,"2025-03-01T18:02:30.981+00:00",NA,"http://creativecommons.org/publicdomain/zero/1.0/legalcode",FALSE,"3062d370-d291-11ea-ad9c-005056baed43","none","none","c8e1cb04-01ef-4804-a716-11ef204cf41b",NA,FALSE,"Juan Manuel Gonzalez Villa","Hansen, Robert","Photo voucher","WGS84","Squamata","MX","none","none","LATIN_AMERICA","Mexico","NORTH_AMERICA",NA,"2819884261",NA,NA,NA,"101900","TNHC",NA,NA,"3062d370-d291-11ea-ad9c-005056baed43",NA,NA,NA,NA,NA,NA,NA,"Morelia, SE margin","Herpetology Collection",NA,"3062d370-d291-11ea-ad9c-005056baed43",NA,NA,NA,"Photo stored in UTBox | Area is temperate pine-oak forest. Provided by Bob Hansen",NA,NA,NA,NA,"Lampropeltis ruthveni Blanchard, 1920",NA,NA,NA,NA,NA,NA,NA,NA,"Morelia","101900",NA,NA,NA,NA,NA,NA,NA,NA,NA,NA,NA,NA,NA,NA,NA,NA,NA,NA,NA,NA,NA,NA
"2819815131","Lampropeltis ruthveni Blanchard, 1920",20.027589,-102.949631,"cdround,gass84,incomis,inmafu","852628c6-f762-11e1-a439-00145eb45e9a","3c6ad080-bdbe-11da-ac59-b8a03c50a862","8e30b684-6a54-4aba-aa73-66201c2c736e,99d66b6c-9087-452f-a9d4-f15f2c2d0e7e","db7e3f20-3966-4c50-b747-4dfc7b3d3874","3c6ad080-bdbe-11da-ac59-b8a03c50a862","US","EML","2025-03-01T18:01:31.828+00:00","2025-03-01T18:02:10.961+00:00",358,"PRESERVED_SPECIMEN","PRESENT",5224478,1,44,11592253,6172,9391215,5224478,5224478,"Lampropeltis ruthveni Blanchard, 1920","Animalia","Chordata","Colubridae","Lampropeltis","Lampropeltis ruthveni","Lampropeltis","ruthveni","SPECIES","ACCEPTED","NT",NA,NA,NA,"NORTH_AMERICA","Michoacan","Mexico, Michoacan, Marcos Castellanos",NA,2015,6,1,"2015-06-01",152,152,NA,"2025-03-01T18:02:10.961+00:00",NA,"http://creativecommons.org/publicdomain/zero/1.0/legalcode",FALSE,"3062f13e-d291-11ea-ad9c-005056baed43","none","none","c8e1cb04-01ef-4804-a716-11ef204cf41b",NA,FALSE,"Hector Franz","Hansen, Robert","Photo voucher","WGS84","Squamata","MX","none","none","LATIN_AMERICA","Mexico","NORTH_AMERICA",NA,"2819815131",NA,NA,NA,"101927","TNHC",NA,NA,"3062f13e-d291-11ea-ad9c-005056baed43",NA,NA,NA,NA,NA,NA,NA,"Jiquilpan, ~24.2 map km WNW","Herpetology Collection",NA,"3062f13e-d291-11ea-ad9c-005056baed43",NA,NA,NA,"Photo stored in UTBox",NA,NA,NA,NA,"Lampropeltis ruthveni Blanchard, 1920",NA,NA,NA,NA,NA,NA,NA,NA,"Marcos Castellanos","101894",NA,NA,NA,NA,NA,NA,NA,NA,NA,NA,NA,NA,NA,NA,NA,NA,NA,NA,NA,NA,NA,NA
"2819881042","Lampropeltis ruthveni Blanchard, 1920",20.33356,-99.713294,"gass84,incomis,inmafu","852628c6-f762-11e1-a439-00145eb45e9a","3c6ad080-bdbe-11da-ac59-b8a03c50a862","8e30b684-6a54-4aba-aa73-66201c2c736e,99d66b6c-9087-452f-a9d4-f15f2c2d0e7e","db7e3f20-3966-4c50-b747-4dfc7b3d3874","3c6ad080-bdbe-11da-ac59-b8a03c50a862","US","EML","2025-03-01T18:01:31.828+00:00","2025-03-01T18:02:49.811+00:00",358,"PRESERVED_SPECIMEN","PRESENT",5224478,1,44,11592253,6172,9391215,5224478,5224478,"Lampropeltis ruthveni Blanchard, 1920","Animalia","Chordata","Colubridae","Lampropeltis","Lampropeltis ruthveni","Lampropeltis","ruthveni","SPECIES","ACCEPTED","NT",NA,NA,NA,"NORTH_AMERICA","Jalisco","Mexico, Jalisco, Huichapan",NA,2015,7,12,"2015-07-12",193,193,NA,"2025-03-01T18:02:49.811+00:00",NA,"http://creativecommons.org/publicdomain/zero/1.0/legalcode",FALSE,"3062b12c-d291-11ea-ad9c-005056baed43","none","none","c8e1cb04-01ef-4804-a716-11ef204cf41b",NA,FALSE,"Manuel Nevarez-de los Reyes","Hansen, Robert","Photo voucher","WGS84","Squamata","MX","none","none","LATIN_AMERICA","Mexico","NORTH_AMERICA",NA,"2819881042",NA,NA,NA,"101888","TNHC",NA,NA,"3062b12c-d291-11ea-ad9c-005056baed43",NA,NA,NA,NA,NA,NA,NA,"Huichapan, ~8.2 map km SW","Herpetology Collection",NA,"3062b12c-d291-11ea-ad9c-005056baed43",NA,NA,NA,"Photo stored in UTBox | Photographed and released",NA,NA,NA,NA,"Lampropeltis ruthveni Blanchard, 1920",NA,NA,NA,NA,NA,NA,NA,NA,"Huichapan","101888",NA,NA,NA,NA,NA,NA,NA,NA,NA,NA,NA,NA,NA,NA,NA,NA,NA,NA,NA,NA,NA,NA
"2819880137","Lampropeltis ruthveni Blanchard, 1920",19.672164,-101.379546,"gass84,incomis,inmafu","852628c6-f762-11e1-a439-00145eb45e9a","3c6ad080-bdbe-11da-ac59-b8a03c50a862","8e30b684-6a54-4aba-aa73-66201c2c736e,99d66b6c-9087-452f-a9d4-f15f2c2d0e7e","db7e3f20-3966-4c50-b747-4dfc7b3d3874","3c6ad080-bdbe-11da-ac59-b8a03c50a862","US","EML","2025-03-01T18:01:31.828+00:00","2025-03-01T18:03:00.324+00:00",358,"PRESERVED_SPECIMEN","PRESENT",5224478,1,44,11592253,6172,9391215,5224478,5224478,"Lampropeltis ruthveni Blanchard, 1920","Animalia","Chordata","Colubridae","Lampropeltis","Lampropeltis ruthveni","Lampropeltis","ruthveni","SPECIES","ACCEPTED","NT",NA,NA,NA,"NORTH_AMERICA","Michoacan","Mexico, Michoacan, Morelia",NA,2016,2,25,"2016-02-25",56,56,NA,"2025-03-01T18:03:00.324+00:00",NA,"http://creativecommons.org/publicdomain/zero/1.0/legalcode",FALSE,"3062d0cb-d291-11ea-ad9c-005056baed43","none","none","c8e1cb04-01ef-4804-a716-11ef204cf41b",NA,FALSE,"Juan Manuel Gonzalez Villa","Hansen, Robert","Photo voucher","WGS84","Squamata","MX","none","none","LATIN_AMERICA","Mexico","NORTH_AMERICA",NA,"2819880137",NA,NA,NA,"101899","TNHC",NA,NA,"3062d0cb-d291-11ea-ad9c-005056baed43",NA,NA,NA,NA,NA,NA,NA,"Capula, ~1.2 map km E central part of town","Herpetology Collection",NA,"3062d0cb-d291-11ea-ad9c-005056baed43",NA,NA,NA,"Photo stored in UTBox | Better quality photo(s) forthcoming. Snake was removed from a house in an area where habitat looks severely degraded, although hills can be seen in distance in Google Earth. provided by Bob Hansen",NA,NA,NA,NA,"Lampropeltis ruthveni Blanchard, 1920",NA,NA,NA,NA,NA,NA,NA,NA,"Morelia","101899",NA,NA,NA,NA,NA,NA,NA,NA,NA,NA,NA,NA,NA,NA,NA,NA,NA,NA,NA,NA,NA,NA
"1572341044","Lampropeltis ruthveni Blanchard, 1920",19.825121,-100.670342,"cdc,cdround","50c9509d-22c7-4a22-a47d-8c48425ef4a7","28eb1a3f-1c15-4a95-931a-4af90ecb574d",NA,"997448a8-f762-11e1-a439-00145eb45e9a","28eb1a3f-1c15-4a95-931a-4af90ecb574d","MX","DWC_ARCHIVE","2025-03-04T19:59:57.055+00:00","2025-03-07T11:46:29.826+00:00",521,"HUMAN_OBSERVATION","PRESENT",5224478,1,44,11592253,6172,9391215,5224478,5224478,"Lampropeltis ruthveni Blanchard, 1920","Animalia","Chordata","Colubridae","Lampropeltis","Lampropeltis ruthveni","Lampropeltis","ruthveni","SPECIES","ACCEPTED","NT","2020-11-25T22:14:39",NA,NA,"NORTH_AMERICA","Michoacán",NA,NA,2016,6,17,"2016-06-17T12:07",169,169,"2022-02-28T23:30:04.000+00:00","2025-03-07T11:46:29.826+00:00","https://www.inaturalist.org/observations/6852164","http://creativecommons.org/licenses/by-nc/4.0/legalcode",FALSE,"6852164","none","none",NA,NA,FALSE,"Alberto","Chris Gruenwald Herp.mx",NA,"WGS84","Squamata","MX","none","none","LATIN_AMERICA","Mexico","LATIN_AMERICA",NA,"1572341044",NA,NA,NA,"6852164","iNaturalist","12:07:00-05:00","Or its a ruthveni... or its a new species. There is no way that is a polyzona arcifera.","6852164",NA,NA,"2016/06/17 12:07 PM CDT",NA,NA,NA,NA,NA,"Observations","Zinapécuaro, Mich., México","http://conabio.inaturalist.org/observations/6852164",NA,NA,NA,"Estaba muerta al lado del camino",NA,NA,NA,NA,"Lampropeltis ruthveni Blanchard, 1920",NA,NA,NA,"Alberto",NA,NA,NA,NA,NA,NA,"https://www.inaturalist.org/projects/reptiles-de-michoacan",NA,NA,NA,NA,NA,NA,"iNaturalist research-grade observations",NA,NA,"29803",NA,NA,NA,NA,NA,NA,"143514383",61,"quimicus","wild","dead"
"2819820190","Lampropeltis ruthveni Blanchard, 1920",19.676152,-101.156036,"gass84,incomis,inmafu","852628c6-f762-11e1-a439-00145eb45e9a","3c6ad080-bdbe-11da-ac59-b8a03c50a862","8e30b684-6a54-4aba-aa73-66201c2c736e,99d66b6c-9087-452f-a9d4-f15f2c2d0e7e","db7e3f20-3966-4c50-b747-4dfc7b3d3874","3c6ad080-bdbe-11da-ac59-b8a03c50a862","US","EML","2025-03-01T18:01:31.828+00:00","2025-03-01T18:02:27.620+00:00",358,"PRESERVED_SPECIMEN","PRESENT",5224478,1,44,11592253,6172,9391215,5224478,5224478,"Lampropeltis ruthveni Blanchard, 1920","Animalia","Chordata","Colubridae","Lampropeltis","Lampropeltis ruthveni","Lampropeltis","ruthveni","SPECIES","ACCEPTED","NT",NA,NA,NA,"NORTH_AMERICA","Michoacan","Mexico, Michoacan, Morelia",NA,2016,8,31,"2016-08-31",244,244,NA,"2025-03-01T18:02:27.620+00:00",NA,"http://creativecommons.org/publicdomain/zero/1.0/legalcode",FALSE,"3062d5e4-d291-11ea-ad9c-005056baed43","none","none","c8e1cb04-01ef-4804-a716-11ef204cf41b",NA,FALSE,"Juan Manuel Gonzalez Villa","Hansen, Robert","Photo voucher","WGS84","Squamata","MX","none","none","LATIN_AMERICA","Mexico","NORTH_AMERICA",NA,"2819820190",NA,NA,NA,"101901","TNHC",NA,NA,"3062d5e4-d291-11ea-ad9c-005056baed43",NA,NA,NA,NA,NA,NA,NA,"Morelia, SE margin","Herpetology Collection",NA,"3062d5e4-d291-11ea-ad9c-005056baed43",NA,NA,NA,"Photo stored in UTBox | Provided by Bob Hansen",NA,NA,NA,NA,"Lampropeltis ruthveni Blanchard, 1920",NA,NA,NA,NA,NA,NA,NA,NA,"Morelia","101901",NA,NA,NA,NA,NA,NA,NA,NA,NA,NA,NA,NA,NA,NA,NA,NA,NA,NA,NA,NA,NA,NA
"2013761589","Lampropeltis ruthveni Blanchard, 1920",20.343581,-103.395209,"cdc,cdround","50c9509d-22c7-4a22-a47d-8c48425ef4a7","28eb1a3f-1c15-4a95-931a-4af90ecb574d",NA,"997448a8-f762-11e1-a439-00145eb45e9a","28eb1a3f-1c15-4a95-931a-4af90ecb574d","MX","DWC_ARCHIVE","2025-03-04T19:59:57.055+00:00","2025-03-07T11:44:40.636+00:00",521,"HUMAN_OBSERVATION","PRESENT",5224478,1,44,11592253,6172,9391215,5224478,5224478,"Lampropeltis ruthveni Blanchard, 1920","Animalia","Chordata","Colubridae","Lampropeltis","Lampropeltis ruthveni","Lampropeltis","ruthveni","SPECIES","ACCEPTED","NT","2017-07-17T20:58:30",NA,NA,"NORTH_AMERICA","Jalisco",NA,NA,2016,11,9,"2016-11-09T10:47",314,314,"2023-08-12T21:29:12.000+00:00","2025-03-07T11:44:40.636+00:00","https://www.inaturalist.org/observations/4526147","http://creativecommons.org/licenses/by-nc/4.0/legalcode",FALSE,"4526147","none","none",NA,NA,FALSE,"Forest_13","Chris Gruenwald Herp.mx",NA,"WGS84","Squamata","MX","none","none","LATIN_AMERICA","Mexico","LATIN_AMERICA",NA,"2013761589",NA,NA,NA,"4526147","iNaturalist","10:47:00-06:00",NA,"4526147",NA,NA,"2016/11/09 10:47 AM CST",NA,NA,NA,NA,NA,"Observations","Jocotepec, Jal., México","http://conabio.inaturalist.org/observations/4526147",NA,NA,NA,NA,NA,NA,NA,NA,"Lampropeltis ruthveni Blanchard, 1920",NA,NA,NA,"Forest_13",NA,NA,NA,NA,NA,NA,"https://www.inaturalist.org/projects/herpetofauna-de-jalisco",NA,"Adult",NA,NA,NA,NA,"iNaturalist research-grade observations",NA,NA,"29803",NA,NA,NA,NA,NA,NA,"14700029",61,"armando_forest_al13","wild",NA
"1850926952","Lampropeltis ruthveni Blanchard, 1920",19.637862,-101.223354,"cdc,cdround","50c9509d-22c7-4a22-a47d-8c48425ef4a7","28eb1a3f-1c15-4a95-931a-4af90ecb574d",NA,"997448a8-f762-11e1-a439-00145eb45e9a","28eb1a3f-1c15-4a95-931a-4af90ecb574d","MX","DWC_ARCHIVE","2025-03-04T19:59:57.055+00:00","2025-03-07T11:51:14.456+00:00",521,"HUMAN_OBSERVATION","PRESENT",5224478,1,44,11592253,6172,9391215,5224478,5224478,"Lampropeltis ruthveni Blanchard, 1920","Animalia","Chordata","Colubridae","Lampropeltis","Lampropeltis ruthveni","Lampropeltis","ruthveni","SPECIES","ACCEPTED","NT","2018-06-07T15:16:48",NA,NA,"NORTH_AMERICA","Michoacán",NA,NA,2017,3,15,"2017-03-15",74,74,"2022-03-08T03:54:21.000+00:00","2025-03-07T11:51:14.456+00:00","https://www.inaturalist.org/observations/13198788","http://creativecommons.org/licenses/by-nc/4.0/legalcode",FALSE,"13198788","none","none",NA,NA,FALSE,"Emiliano Guijosa","bobbyfingers",NA,"WGS84","Squamata","MX","none","none","LATIN_AMERICA","Mexico","LATIN_AMERICA",NA,"1850926952",NA,NA,NA,"13198788","iNaturalist",NA,NA,"13198788",NA,NA,"2017/03/15 5:45 PM UTC",NA,NA,NA,NA,NA,"Observations","Morelia, Mich., México","https://www.inaturalist.org/observations/13198788",NA,NA,NA,"Debajo de unas rocas, no juvenil pero tampoco de gran talla.",NA,NA,NA,NA,"Lampropeltis ruthveni Blanchard, 1920",NA,NA,NA,"Emiliano Guijosa",NA,NA,NA,NA,NA,NA,"https://www.inaturalist.org/projects/reptiles-de-michoacan",NA,"Juvenile",NA,NA,NA,NA,"iNaturalist research-grade observations","{""evidenceOfPresence"":""organism""}",NA,"29803",NA,NA,NA,NA,NA,NA,"28718611",50,"emilianogg","wild","alive"
"1914377466","Lampropeltis ruthveni Blanchard, 1920",19.673855,-101.151595,"cdc,cdround","50c9509d-22c7-4a22-a47d-8c48425ef4a7","28eb1a3f-1c15-4a95-931a-4af90ecb574d",NA,"997448a8-f762-11e1-a439-00145eb45e9a","28eb1a3f-1c15-4a95-931a-4af90ecb574d","MX","DWC_ARCHIVE","2025-03-04T19:59:57.055+00:00","2025-03-07T11:48:11.043+00:00",521,"HUMAN_OBSERVATION","PRESENT",5224478,1,44,11592253,6172,9391215,5224478,5224478,"Lampropeltis ruthveni Blanchard, 1920","Animalia","Chordata","Colubridae","Lampropeltis","Lampropeltis ruthveni","Lampropeltis","ruthveni","SPECIES","ACCEPTED","NT","2017-11-10T17:03:16",NA,NA,"NORTH_AMERICA","Michoacán",NA,NA,2017,10,21,"2017-10-21",294,294,"2020-05-16T15:44:57.000+00:00","2025-03-07T11:48:11.043+00:00","https://www.inaturalist.org/observations/8748366","http://creativecommons.org/licenses/by-nc/4.0/legalcode",FALSE,"8748366","none","none",NA,NA,FALSE,"David Ruíz Domínguez","Gerry Salmon",NA,"WGS84","Squamata","MX","none","none","LATIN_AMERICA","Mexico","LATIN_AMERICA",NA,"1914377466",NA,NA,NA,"8748366","iNaturalist",NA,"This specimen appears to be Lampropeltis ruthveni. The range is correct and appearance consistent. A positive ID could be made by counting ventral scales which average about 188. L. ruthveni can be easily confused with L. polyzona. This specimen is not a L. annulata which ranges much further north and east in South Texas, NL, Tamaulipas and Coahuila (primarily in the Tamaulipan Thornscrub).","8748366",NA,NA,"2017-10-21",NA,NA,NA,NA,NA,"Observations","Morelia, Mich., México","https://www.inaturalist.org/observations/8748366",NA,NA,NA,NA,NA,NA,NA,NA,"Lampropeltis ruthveni Blanchard, 1920",NA,NA,NA,"David Ruíz Domínguez",NA,NA,NA,NA,NA,NA,"https://www.inaturalist.org/projects/reptiles-de-michoacan","Male","Adult",NA,NA,NA,NA,"iNaturalist research-grade observations",NA,NA,"29803",NA,NA,NA,NA,NA,NA,"18658643",15,"davidruizdominguez","wild",NA
"3705460018","Lampropeltis ruthveni Blanchard, 1920",20.318153,-104.077515,"cdc,cdround","50c9509d-22c7-4a22-a47d-8c48425ef4a7","28eb1a3f-1c15-4a95-931a-4af90ecb574d",NA,"997448a8-f762-11e1-a439-00145eb45e9a","28eb1a3f-1c15-4a95-931a-4af90ecb574d","MX","DWC_ARCHIVE","2025-03-04T19:59:57.055+00:00","2025-03-07T13:31:15.948+00:00",521,"HUMAN_OBSERVATION","PRESENT",5224478,1,44,11592253,6172,9391215,5224478,5224478,"Lampropeltis ruthveni Blanchard, 1920","Animalia","Chordata","Colubridae","Lampropeltis","Lampropeltis ruthveni","Lampropeltis","ruthveni","SPECIES","ACCEPTED","NT","2022-02-28T21:47:44",NA,NA,"NORTH_AMERICA","Jalisco",NA,NA,2018,5,13,"2018-05-13T20:42Z",133,133,"2022-03-07T02:55:51.000+00:00","2025-03-07T13:31:15.948+00:00","https://www.inaturalist.org/observations/107659016","http://creativecommons.org/licenses/by-nc/4.0/legalcode",FALSE,"107659016","none","none",NA,NA,FALSE,"Gerardo Ramos-León","Gerardo Ramos-León",NA,"WGS84","Squamata","MX","none","none","LATIN_AMERICA","Mexico","LATIN_AMERICA",NA,"3705460018",NA,NA,NA,"107659016","iNaturalist","20:42:00Z",NA,"107659016",NA,NA,"2018/05/13 8:42 PM UTC",NA,NA,NA,NA,NA,"Observations","Tecolotlán, Jal., México","https://www.inaturalist.org/observations/107659016",NA,NA,NA,NA,NA,NA,NA,NA,"Lampropeltis ruthveni Blanchard, 1920",NA,NA,NA,"Gerardo Ramos-León",NA,NA,NA,NA,NA,NA,NA,NA,NA,NA,NA,NA,NA,"iNaturalist research-grade observations",NA,NA,"29803",NA,NA,NA,NA,NA,NA,"239672033",60,"gera_jarcor","wild",NA
"4102589879","Lampropeltis ruthveni Blanchard, 1920",19.638667,-101.141406,"cdc,cdround","50c9509d-22c7-4a22-a47d-8c48425ef4a7","28eb1a3f-1c15-4a95-931a-4af90ecb574d",NA,"997448a8-f762-11e1-a439-00145eb45e9a","28eb1a3f-1c15-4a95-931a-4af90ecb574d","US","DWC_ARCHIVE","2025-03-04T19:59:57.055+00:00","2025-03-07T14:19:51.062+00:00",521,"HUMAN_OBSERVATION","PRESENT",5224478,1,44,11592253,6172,9391215,5224478,5224478,"Lampropeltis ruthveni Blanchard, 1920","Animalia","Chordata","Colubridae","Lampropeltis","Lampropeltis ruthveni","Lampropeltis","ruthveni","SPECIES","ACCEPTED","NT","2023-04-27T19:02:51",NA,NA,"NORTH_AMERICA","Michoacán",NA,NA,2020,9,28,"2020-09-28T12:49",272,272,"2023-11-21T00:12:49.000+00:00","2025-03-07T14:19:51.062+00:00","https://www.inaturalist.org/observations/156928593","http://creativecommons.org/licenses/by-nc/4.0/legalcode",FALSE,"156928593","none","none",NA,NA,FALSE,"Juan Ma Contortrix","Juan Ma Contortrix",NA,"WGS84","Squamata","MX","none","none","LATIN_AMERICA","Mexico","NORTH_AMERICA",NA,"4102589879",NA,NA,NA,"156928593","iNaturalist","12:49:00-05:00",NA,"156928593",NA,NA,"2020/09/28 12:49 PM",NA,NA,NA,NA,NA,"Observations","Morelia, Mich., México","https://www.inaturalist.org/observations/156928593",NA,NA,NA,NA,NA,NA,NA,NA,"Lampropeltis ruthveni Blanchard, 1920",NA,NA,NA,"Juan Ma Contortrix",NA,NA,NA,NA,NA,NA,"https://www.inaturalist.org/projects/reptiles-de-michoacan",NA,NA,NA,NA,NA,NA,"iNaturalist research-grade observations",NA,NA,"29803",NA,NA,NA,NA,NA,NA,"354479419",244,"juanmacontortrix","wild",NA
"2901668326","Lampropeltis ruthveni Blanchard, 1920",19.67617,-101.154117,"cdc,cdround","50c9509d-22c7-4a22-a47d-8c48425ef4a7","28eb1a3f-1c15-4a95-931a-4af90ecb574d",NA,"997448a8-f762-11e1-a439-00145eb45e9a","28eb1a3f-1c15-4a95-931a-4af90ecb574d","MX","DWC_ARCHIVE","2025-03-04T19:59:57.055+00:00","2025-03-07T12:42:53.435+00:00",521,"HUMAN_OBSERVATION","PRESENT",5224478,1,44,11592253,6172,9391215,5224478,5224478,"Lampropeltis ruthveni Blanchard, 1920","Animalia","Chordata","Colubridae","Lampropeltis","Lampropeltis ruthveni","Lampropeltis","ruthveni","SPECIES","ACCEPTED","NT","2020-10-22T23:33:40",NA,NA,"NORTH_AMERICA","Michoacán",NA,NA,2020,9,5,"2020-09-05T06:47",249,249,"2021-09-14T20:20:59.000+00:00","2025-03-07T12:42:53.435+00:00","https://www.inaturalist.org/observations/63256292","http://creativecommons.org/licenses/by-nc/4.0/legalcode",FALSE,"63256292","none","none",NA,NA,FALSE,"andreaceleste","Pedro E. Nahuat-Cervera",NA,"WGS84","Squamata","MX","none","none","LATIN_AMERICA","Mexico","LATIN_AMERICA",NA,"2901668326",NA,NA,NA,"63256292","iNaturalist","06:47:00+13:00","Podría ser...","63256292",NA,NA,"2020/09/05 6:47 AM SST",NA,NA,NA,NA,NA,"Observations","Morelia, Mich., México","https://www.inaturalist.org/observations/63256292",NA,NA,NA,NA,NA,NA,NA,NA,"Lampropeltis ruthveni Blanchard, 1920",NA,NA,NA,"andreaceleste",NA,NA,NA,NA,NA,NA,"https://www.inaturalist.org/projects/reptiles-de-michoacan",NA,NA,NA,NA,NA,NA,"iNaturalist research-grade observations",NA,NA,"29803",NA,NA,NA,NA,NA,NA,"137973108",207,"andreaceleste","wild",NA
"3079852021","Lampropeltis ruthveni Blanchard, 1920",19.853953,-101.594397,"cdc,cdround","50c9509d-22c7-4a22-a47d-8c48425ef4a7","28eb1a3f-1c15-4a95-931a-4af90ecb574d",NA,"997448a8-f762-11e1-a439-00145eb45e9a","28eb1a3f-1c15-4a95-931a-4af90ecb574d","MX","DWC_ARCHIVE","2025-03-04T19:59:57.055+00:00","2025-03-07T12:55:06.638+00:00",521,"HUMAN_OBSERVATION","PRESENT",5224478,1,44,11592253,6172,9391215,5224478,5224478,"Lampropeltis ruthveni Blanchard, 1920","Animalia","Chordata","Colubridae","Lampropeltis","Lampropeltis ruthveni","Lampropeltis","ruthveni","SPECIES","ACCEPTED","NT","2021-04-07T14:28:39",NA,NA,"NORTH_AMERICA","Michoacán",NA,NA,2020,9,18,"2020-09-18T15:55:43Z",262,262,"2022-02-24T03:09:16.000+00:00","2025-03-07T12:55:06.638+00:00","https://www.inaturalist.org/observations/73188745","http://creativecommons.org/licenses/by-nc/4.0/legalcode",FALSE,"73188745","none","none",NA,NA,FALSE,"Colmosv17","Gerry Salmon",NA,"WGS84","Squamata","MX","none","none","LATIN_AMERICA","Mexico","LATIN_AMERICA",NA,"3079852021",NA,NA,NA,"73188745","iNaturalist","15:55:43Z","Appears to be this species. Higher band count than L. polyzona. In range for L. ruthveni.","73188745",NA,NA,"Fri Sep 18 2020 15:55:43 GMT-0500 (CDT)",NA,NA,NA,NA,NA,"Observations","Coeneo, MICH, MX","https://www.inaturalist.org/observations/73188745",NA,NA,NA,NA,NA,NA,NA,NA,"Lampropeltis ruthveni Blanchard, 1920",NA,NA,NA,"Colmosv17",NA,NA,NA,NA,NA,NA,"https://www.inaturalist.org/projects/reptiles-de-michoacan",NA,"Juvenile",NA,NA,NA,NA,"iNaturalist research-grade observations","{""evidenceOfPresence"":""organism""}",NA,"29803",NA,NA,NA,NA,NA,NA,"163934047",10,"colmos96","wild",NA
"3456953875","Lampropeltis ruthveni Blanchard, 1920",20.286535,-100.198583,"cdc,cdround","50c9509d-22c7-4a22-a47d-8c48425ef4a7","28eb1a3f-1c15-4a95-931a-4af90ecb574d",NA,"997448a8-f762-11e1-a439-00145eb45e9a","28eb1a3f-1c15-4a95-931a-4af90ecb574d","MX","DWC_ARCHIVE","2025-03-04T19:59:57.055+00:00","2025-03-07T13:26:04.856+00:00",521,"HUMAN_OBSERVATION","PRESENT",5224478,1,44,11592253,6172,9391215,5224478,5224478,"Lampropeltis ruthveni Blanchard, 1920","Animalia","Chordata","Colubridae","Lampropeltis","Lampropeltis ruthveni","Lampropeltis","ruthveni","SPECIES","ACCEPTED","NT","2021-12-10T14:07:51",NA,NA,"NORTH_AMERICA","Querétaro",NA,NA,2021,9,26,"2021-09-26T12:42:24",269,269,"2024-08-07T17:12:22.000+00:00","2025-03-07T13:26:04.856+00:00","https://www.inaturalist.org/observations/102784117","http://creativecommons.org/licenses/by/4.0/legalcode",FALSE,"102784117","none","none",NA,NA,FALSE,"Erick Vélez Sánchez","Pedro E. Nahuat-Cervera",NA,"WGS84","Squamata","MX","none","none","LATIN_AMERICA","Mexico","LATIN_AMERICA",NA,"3456953875",NA,NA,NA,"102784117","iNaturalist","12:42:24-05:00",NA,"102784117",NA,NA,"2021-09-26 12:42:24",NA,NA,NA,NA,NA,"Observations","Capital Flow Street Camino a Laguna de Servín, 76875 Qro., México","https://www.inaturalist.org/observations/102784117",NA,NA,NA,"Cerca de la pista para bicicletas, aplastada por un carro al parecer.",NA,NA,NA,NA,"Lampropeltis ruthveni Blanchard, 1920",NA,NA,NA,"Erick Vélez Sánchez",NA,NA,NA,NA,NA,NA,NA,NA,NA,NA,NA,NA,NA,"iNaturalist research-grade observations",NA,NA,"29803",NA,NA,NA,NA,NA,NA,"225427875",158,"erickaceae_98","wild","dead"
"3456549213","Lampropeltis ruthveni Blanchard, 1920",19.678138,-101.155987,"cdc,cdround","50c9509d-22c7-4a22-a47d-8c48425ef4a7","28eb1a3f-1c15-4a95-931a-4af90ecb574d",NA,"997448a8-f762-11e1-a439-00145eb45e9a","28eb1a3f-1c15-4a95-931a-4af90ecb574d","MX","DWC_ARCHIVE","2025-03-04T19:59:57.055+00:00","2025-03-07T13:26:05.277+00:00",521,"HUMAN_OBSERVATION","PRESENT",5224478,1,44,11592253,6172,9391215,5224478,5224478,"Lampropeltis ruthveni Blanchard, 1920","Animalia","Chordata","Colubridae","Lampropeltis","Lampropeltis ruthveni","Lampropeltis","ruthveni","SPECIES","ACCEPTED","NT","2021-12-10T01:44:57",NA,NA,"NORTH_AMERICA","Michoacán",NA,NA,2021,12,9,"2021-12-09T18:10:37",343,343,"2021-12-19T03:09:16.000+00:00","2025-03-07T13:26:05.277+00:00","https://www.inaturalist.org/observations/102793854","http://creativecommons.org/licenses/by-nc/4.0/legalcode",FALSE,"102793854","none","none",NA,NA,FALSE,"Guillermo Pérez-Negrón","Faris K",NA,"WGS84","Squamata","MX","none","none","LATIN_AMERICA","Mexico","LATIN_AMERICA",NA,"3456549213",NA,NA,NA,"102793854","iNaturalist","18:10:37-06:00","@sanjoaquinserpents ??","102793854",NA,NA,"2021-12-09 18:10:37",NA,NA,NA,NA,NA,"Observations","Morelia, MX-MC, MX","https://www.inaturalist.org/observations/102793854",NA,NA,NA,NA,NA,NA,NA,NA,"Lampropeltis ruthveni Blanchard, 1920",NA,NA,NA,"Guillermo Pérez-Negrón",NA,NA,NA,NA,NA,NA,"https://www.inaturalist.org/projects/reptiles-de-michoacan",NA,NA,NA,NA,NA,NA,"iNaturalist research-grade observations",NA,NA,"29803",NA,NA,NA,NA,NA,NA,"225356131",NA,"guillermopereznegron","wild",NA
"3859178574","Lampropeltis ruthveni Blanchard, 1920",20.148697,-103.725983,"cdc,cdround","50c9509d-22c7-4a22-a47d-8c48425ef4a7","28eb1a3f-1c15-4a95-931a-4af90ecb574d",NA,"997448a8-f762-11e1-a439-00145eb45e9a","28eb1a3f-1c15-4a95-931a-4af90ecb574d","MX","DWC_ARCHIVE","2025-03-04T19:59:57.055+00:00","2025-03-07T13:46:44.914+00:00",521,"HUMAN_OBSERVATION","PRESENT",5224478,1,44,11592253,6172,9391215,5224478,5224478,"Lampropeltis ruthveni Blanchard, 1920","Animalia","Chordata","Colubridae","Lampropeltis","Lampropeltis ruthveni","Lampropeltis","ruthveni","SPECIES","ACCEPTED","NT","2022-06-21T14:21:16",NA,NA,"NORTH_AMERICA","Jalisco",NA,NA,2022,6,20,"2022-06-20T22:13:36",171,171,"2022-07-05T06:29:09.000+00:00","2025-03-07T13:46:44.914+00:00","https://www.inaturalist.org/observations/122808819","http://creativecommons.org/publicdomain/zero/1.0/legalcode",FALSE,"122808819","none","none",NA,NA,FALSE,"Chris Gruenwald Herp.mx","Chris Gruenwald Herp.mx",NA,"WGS84","Squamata","MX","none","none","LATIN_AMERICA","Mexico","LATIN_AMERICA",NA,"3859178574",NA,NA,NA,"122808819","iNaturalist","22:13:36-05:00",NA,"122808819",NA,NA,"2022-06-20 22:13:36-05:00",NA,NA,NA,NA,NA,"Observations","JAL-437, Atemajac de Brizuela, JAL, MX","https://www.inaturalist.org/observations/122808819",NA,NA,NA,NA,NA,NA,NA,NA,"Lampropeltis ruthveni Blanchard, 1920",NA,NA,NA,"Chris Gruenwald Herp.mx",NA,NA,NA,NA,NA,NA,NA,NA,"Adult",NA,NA,NA,NA,"iNaturalist research-grade observations","{""evidenceOfPresence"":""organism""}",NA,"29803",NA,NA,NA,NA,NA,NA,"272087551",4,"sonoran","wild","dead"
"4424621277","Lampropeltis ruthveni Blanchard, 1920",19.626368,-103.422582,"cdc,cdround","50c9509d-22c7-4a22-a47d-8c48425ef4a7","28eb1a3f-1c15-4a95-931a-4af90ecb574d",NA,"997448a8-f762-11e1-a439-00145eb45e9a","28eb1a3f-1c15-4a95-931a-4af90ecb574d","US","DWC_ARCHIVE","2025-03-04T19:59:57.055+00:00","2025-03-07T14:47:27.042+00:00",521,"HUMAN_OBSERVATION","PRESENT",5224478,1,44,11592253,6172,9391215,5224478,5224478,"Lampropeltis ruthveni Blanchard, 1920","Animalia","Chordata","Colubridae","Lampropeltis","Lampropeltis ruthveni","Lampropeltis","ruthveni","SPECIES","ACCEPTED","NT","2023-10-09T15:00:42",NA,NA,"NORTH_AMERICA","Jalisco",NA,NA,2023,10,8,"2023-10-08T22:56:50",281,281,"2023-12-19T18:19:58.000+00:00","2025-03-07T14:47:27.042+00:00","https://www.inaturalist.org/observations/186813248","http://creativecommons.org/licenses/by-nc/4.0/legalcode",FALSE,"186813248","none","none",NA,NA,FALSE,"fernandaaceves","Gerry Salmon",NA,"WGS84","Squamata","MX","none","none","LATIN_AMERICA","Mexico","NORTH_AMERICA",NA,"4424621277",NA,NA,NA,"186813248","iNaturalist","22:56:50-06:00","Not positive but range, elevation, band count led me to this species.","186813248",NA,NA,"2023-10-08 22:56:50-06:00",NA,NA,NA,NA,NA,"Observations","Calle Negrete, Zapotiltic, Jal., MX","https://www.inaturalist.org/observations/186813248",NA,NA,NA,NA,NA,NA,NA,NA,"Lampropeltis ruthveni Blanchard, 1920",NA,NA,NA,"fernandaaceves",NA,NA,NA,NA,NA,NA,NA,NA,"Adult",NA,NA,NA,NA,"iNaturalist research-grade observations","{""evidenceOfPresence"":""organism""}",NA,"29803",NA,NA,NA,NA,NA,NA,"416164896",23,"fernandaaceves","wild","dead"
"4952520475","Lampropeltis ruthveni Blanchard, 1920",21.159946,-102.446105,"cdc,cdround","50c9509d-22c7-4a22-a47d-8c48425ef4a7","28eb1a3f-1c15-4a95-931a-4af90ecb574d",NA,"997448a8-f762-11e1-a439-00145eb45e9a","28eb1a3f-1c15-4a95-931a-4af90ecb574d","MX","DWC_ARCHIVE","2025-03-04T19:59:57.055+00:00","2025-03-07T15:37:37.489+00:00",521,"HUMAN_OBSERVATION","PRESENT",5224478,1,44,11592253,6172,9391215,5224478,5224478,"Lampropeltis ruthveni Blanchard, 1920","Animalia","Chordata","Colubridae","Lampropeltis","Lampropeltis ruthveni","Lampropeltis","ruthveni","SPECIES","ACCEPTED","NT","2024-10-10T21:15:10",NA,NA,"NORTH_AMERICA","Jalisco",NA,NA,2024,7,26,"2024-07-26T13:15",208,208,"2024-10-11T15:33:13.000+00:00","2025-03-07T15:37:37.489+00:00","https://www.inaturalist.org/observations/245308325","http://creativecommons.org/licenses/by-nc/4.0/legalcode",FALSE,"245308325","none","none",NA,NA,FALSE,"Laura Paola Lopez Reynoso","Cole Grover",NA,"WGS84","Squamata","MX","none","none","LATIN_AMERICA","Mexico","LATIN_AMERICA",NA,"4952520475",NA,NA,NA,"245308325","iNaturalist","13:15:00-06:00","@gtsalmon @roberthansen","245308325",NA,NA,"2024-07-26 13:15:00-06:00",NA,NA,NA,NA,NA,"Observations","Jalostotitlán, Jal., MX","https://www.inaturalist.org/observations/245308325",NA,NA,NA,NA,NA,NA,NA,NA,"Lampropeltis ruthveni Blanchard, 1920",NA,NA,NA,"Laura Paola Lopez Reynoso",NA,NA,NA,NA,NA,NA,NA,NA,NA,NA,NA,NA,NA,"iNaturalist research-grade observations",NA,NA,"29803",NA,NA,NA,NA,NA,NA,"551047367",679,"laura_paola_lr","wild",NA
